-- phpMyAdmin SQL Dump
-- version 5.2.1
-- https://www.phpmyadmin.net/
--
-- Servidor: 127.0.0.1
-- Tiempo de generación: 15-06-2025 a las 21:38:26
-- Versión del servidor: 10.4.32-MariaDB
-- Versión de PHP: 8.2.12

SET SQL_MODE = "NO_AUTO_VALUE_ON_ZERO";
START TRANSACTION;
SET time_zone = "+00:00";


/*!40101 SET @OLD_CHARACTER_SET_CLIENT=@@CHARACTER_SET_CLIENT */;
/*!40101 SET @OLD_CHARACTER_SET_RESULTS=@@CHARACTER_SET_RESULTS */;
/*!40101 SET @OLD_COLLATION_CONNECTION=@@COLLATION_CONNECTION */;
/*!40101 SET NAMES utf8mb4 */;

--
-- Base de datos: `if0_38922247_pokebuilder`
--

-- --------------------------------------------------------

--
-- Estructura de tabla para la tabla `1er_pokemon`
--

CREATE TABLE `1er_pokemon` (
  `ID_1erPokemon` int(11) NOT NULL,
  `fk_pokemon` int(11) NOT NULL,
  `nom` varchar(255) NOT NULL,
  `nivell` int(11) NOT NULL,
  `sexe` varchar(250) NOT NULL,
  `shiny` tinyint(1) NOT NULL,
  `iv_ps` int(2) DEFAULT NULL,
  `iv_atac` int(2) DEFAULT NULL,
  `iv_def` int(2) DEFAULT NULL,
  `iv_AEsp` int(2) DEFAULT NULL,
  `iv_DEsp` int(2) DEFAULT NULL,
  `iv_vel` int(2) DEFAULT NULL,
  `ev_ps` int(3) DEFAULT NULL,
  `ev_atac` int(3) DEFAULT NULL,
  `ev_def` int(3) DEFAULT NULL,
  `ev_AEsp` int(3) DEFAULT NULL,
  `ev_DEsp` int(3) DEFAULT NULL,
  `ev_velocitat` int(3) DEFAULT NULL,
  `fk_mov1` int(11) NOT NULL,
  `fk_mov2` int(11) DEFAULT NULL,
  `fk_mov3` int(11) DEFAULT NULL,
  `fk_mov4` int(11) DEFAULT NULL
) ENGINE=InnoDB DEFAULT CHARSET=utf8mb4 COLLATE=utf8mb4_spanish2_ci;

--
-- Volcado de datos para la tabla `1er_pokemon`
--

INSERT INTO `1er_pokemon` (`ID_1erPokemon`, `fk_pokemon`, `nom`, `nivell`, `sexe`, `shiny`, `iv_ps`, `iv_atac`, `iv_def`, `iv_AEsp`, `iv_DEsp`, `iv_vel`, `ev_ps`, `ev_atac`, `ev_def`, `ev_AEsp`, `ev_DEsp`, `ev_velocitat`, `fk_mov1`, `fk_mov2`, `fk_mov3`, `fk_mov4`) VALUES
(1, 150, 'Mewtwo', 100, 'home', 1, 31, 31, 31, 31, 31, 31, 6, 0, 0, 252, 0, 252, 123, 121, 45, 53),
(2, 3, 'Venusaur', 100, 'dona', 0, 31, 31, 31, 31, 31, 31, 252, 0, 0, 252, 6, 0, 41, 87, 118, 120),
(3, 11, 'Metapod', 100, 'home', 0, 31, 31, 31, 31, 31, 31, 0, 0, 255, 0, 255, 0, 64, NULL, NULL, NULL),
(4, 18, 'Pidgeot', 100, 'home', 0, 31, 31, 31, 31, 31, 31, 6, 252, 0, 0, 0, 252, 12, 13, 165, 45),
(5, 11, 'Metapod', 100, 'home', 0, 31, 31, 31, 31, 31, 31, 0, 0, 255, 0, 255, 0, 64, NULL, NULL, NULL),
(6, 148, 'Dragonair', 100, 'home', 1, 31, 31, 31, 31, 31, 31, 0, 252, 0, 6, 0, 252, 98, 53, 78, 158);

-- --------------------------------------------------------

--
-- Estructura de tabla para la tabla `2on_pokemon`
--

CREATE TABLE `2on_pokemon` (
  `ID_2onPokemon` int(11) NOT NULL,
  `fk_pokemon` int(11) NOT NULL,
  `nom` varchar(255) NOT NULL,
  `nivell` int(11) NOT NULL,
  `sexe` varchar(250) NOT NULL,
  `shiny` tinyint(1) NOT NULL,
  `iv_ps` int(2) DEFAULT NULL,
  `iv_atac` int(2) DEFAULT NULL,
  `iv_def` int(2) DEFAULT NULL,
  `iv_AEsp` int(2) DEFAULT NULL,
  `iv_DEsp` int(2) DEFAULT NULL,
  `iv_vel` int(2) DEFAULT NULL,
  `ev_ps` int(3) DEFAULT NULL,
  `ev_atac` int(3) DEFAULT NULL,
  `ev_def` int(3) DEFAULT NULL,
  `ev_AEsp` int(3) DEFAULT NULL,
  `ev_DEsp` int(3) DEFAULT NULL,
  `ev_velocitat` int(3) DEFAULT NULL,
  `fk_mov1` int(11) NOT NULL,
  `fk_mov2` int(11) DEFAULT NULL,
  `fk_mov3` int(11) DEFAULT NULL,
  `fk_mov4` int(11) DEFAULT NULL
) ENGINE=InnoDB DEFAULT CHARSET=utf8mb4 COLLATE=utf8mb4_spanish2_ci;

--
-- Volcado de datos para la tabla `2on_pokemon`
--

INSERT INTO `2on_pokemon` (`ID_2onPokemon`, `fk_pokemon`, `nom`, `nivell`, `sexe`, `shiny`, `iv_ps`, `iv_atac`, `iv_def`, `iv_AEsp`, `iv_DEsp`, `iv_vel`, `ev_ps`, `ev_atac`, `ev_def`, `ev_AEsp`, `ev_DEsp`, `ev_velocitat`, `fk_mov1`, `fk_mov2`, `fk_mov3`, `fk_mov4`) VALUES
(1, 95, 'Onix', 100, 'home', 0, 31, 31, 31, 31, 31, 31, 6, 0, 252, 0, 252, 0, 59, 155, 71, 20),
(2, 3, 'Venusaur', 100, 'dona', 0, 31, 31, 31, 31, 31, 31, 252, 0, 0, 252, 6, 0, 41, 87, 118, 120),
(3, 11, 'Metapod', 100, 'home', 0, 31, 31, 31, 31, 31, 31, 0, 0, 255, 0, 255, 0, 64, NULL, NULL, NULL),
(4, 18, 'Pidgeot', 100, 'home', 0, 31, 31, 31, 31, 31, 31, 6, 252, 0, 0, 0, 252, 12, 13, 165, 45),
(5, 11, 'Metapod', 100, 'home', 0, 31, 31, 31, 31, 31, 31, 0, 0, 255, 0, 255, 0, 64, NULL, NULL, NULL),
(6, 148, 'Dragonair', 100, 'home', 1, 31, 31, 31, 31, 31, 31, 0, 252, 0, 6, 0, 252, 98, 53, 78, 158);

-- --------------------------------------------------------

--
-- Estructura de tabla para la tabla `3er_pokemon`
--

CREATE TABLE `3er_pokemon` (
  `ID_3erPokemon` int(11) NOT NULL,
  `fk_pokemon` int(11) NOT NULL,
  `nom` varchar(255) NOT NULL,
  `nivell` int(11) NOT NULL,
  `sexe` varchar(250) NOT NULL,
  `shiny` tinyint(1) NOT NULL,
  `iv_ps` int(11) DEFAULT NULL,
  `iv_atac` int(2) DEFAULT NULL,
  `iv_def` int(2) DEFAULT NULL,
  `iv_AEsp` int(2) DEFAULT NULL,
  `iv_DEsp` int(2) DEFAULT NULL,
  `iv_vel` int(2) DEFAULT NULL,
  `ev_ps` int(11) DEFAULT NULL,
  `ev_atac` int(3) DEFAULT NULL,
  `ev_def` int(3) DEFAULT NULL,
  `ev_AEsp` int(3) DEFAULT NULL,
  `ev_DEsp` int(3) DEFAULT NULL,
  `ev_velocitat` int(3) DEFAULT NULL,
  `fk_mov1` int(11) NOT NULL,
  `fk_mov2` int(11) DEFAULT NULL,
  `fk_mov3` int(11) DEFAULT NULL,
  `fk_mov4` int(11) DEFAULT NULL
) ENGINE=InnoDB DEFAULT CHARSET=utf8mb4 COLLATE=utf8mb4_spanish2_ci;

--
-- Volcado de datos para la tabla `3er_pokemon`
--

INSERT INTO `3er_pokemon` (`ID_3erPokemon`, `fk_pokemon`, `nom`, `nivell`, `sexe`, `shiny`, `iv_ps`, `iv_atac`, `iv_def`, `iv_AEsp`, `iv_DEsp`, `iv_vel`, `ev_ps`, `ev_atac`, `ev_def`, `ev_AEsp`, `ev_DEsp`, `ev_velocitat`, `fk_mov1`, `fk_mov2`, `fk_mov3`, `fk_mov4`) VALUES
(1, 18, 'Pidgeot', 100, 'home', 1, 31, 31, 31, 31, 31, 31, 0, 252, 0, 6, 0, 252, 12, 139, 157, 165),
(2, 3, 'Venusaur', 100, 'dona', 0, 31, 31, 31, 31, 31, 31, 252, 0, 0, 252, 6, 0, 41, 87, 118, 120),
(3, 11, 'Metapod', 100, 'home', 0, 31, 31, 31, 31, 31, 31, 0, 0, 255, 0, 255, 0, 64, NULL, NULL, NULL),
(4, 18, 'Pidgeot', 100, 'home', 0, 31, 31, 31, 31, 31, 31, 6, 252, 0, 0, 0, 252, 12, 13, 165, 45),
(5, 11, 'Metapod', 100, 'home', 0, 31, 31, 31, 31, 31, 31, 0, 0, 255, 0, 255, 0, 64, NULL, NULL, NULL),
(6, 148, 'Dragonair', 100, 'home', 1, 31, 31, 31, 31, 31, 31, 0, 252, 0, 6, 0, 252, 98, 53, 78, 158);

-- --------------------------------------------------------

--
-- Estructura de tabla para la tabla `4rt_pokemon`
--

CREATE TABLE `4rt_pokemon` (
  `ID_4rtPokemon` int(11) NOT NULL,
  `fk_pokemon` int(11) NOT NULL,
  `nom` varchar(255) NOT NULL,
  `nivell` int(11) NOT NULL,
  `sexe` varchar(250) NOT NULL,
  `shiny` tinyint(1) NOT NULL,
  `iv_ps` int(2) DEFAULT NULL,
  `iv_atac` int(2) DEFAULT NULL,
  `iv_def` int(2) DEFAULT NULL,
  `iv_AEsp` int(2) DEFAULT NULL,
  `iv_DEsp` int(2) DEFAULT NULL,
  `iv_vel` int(2) DEFAULT NULL,
  `ev_ps` int(3) DEFAULT NULL,
  `ev_atac` int(3) DEFAULT NULL,
  `ev_def` int(3) DEFAULT NULL,
  `ev_AEsp` int(3) DEFAULT NULL,
  `ev_DEsp` int(3) DEFAULT NULL,
  `ev_velocitat` int(3) DEFAULT NULL,
  `fk_mov1` int(11) NOT NULL,
  `fk_mov2` int(11) DEFAULT NULL,
  `fk_mov3` int(11) DEFAULT NULL,
  `fk_mov4` int(11) DEFAULT NULL
) ENGINE=InnoDB DEFAULT CHARSET=utf8mb4 COLLATE=utf8mb4_spanish2_ci;

--
-- Volcado de datos para la tabla `4rt_pokemon`
--

INSERT INTO `4rt_pokemon` (`ID_4rtPokemon`, `fk_pokemon`, `nom`, `nivell`, `sexe`, `shiny`, `iv_ps`, `iv_atac`, `iv_def`, `iv_AEsp`, `iv_DEsp`, `iv_vel`, `ev_ps`, `ev_atac`, `ev_def`, `ev_AEsp`, `ev_DEsp`, `ev_velocitat`, `fk_mov1`, `fk_mov2`, `fk_mov3`, `fk_mov4`) VALUES
(1, 83, 'Farfetch\'d', 100, 'home', 0, 31, 31, 31, 31, 31, 31, 0, 252, 0, 6, 0, 252, 17, 93, 164, 152),
(2, 3, 'Venusaur', 100, 'dona', 0, 31, 31, 31, 31, 31, 31, 252, 0, 0, 252, 6, 0, 41, 87, 118, 120),
(3, 11, 'Metapod', 100, 'home', 0, 31, 31, 31, 31, 31, 31, 0, 0, 255, 0, 255, 0, 64, NULL, NULL, NULL),
(4, 18, 'Pidgeot', 100, 'home', 0, 31, 31, 31, 31, 31, 31, 6, 252, 0, 0, 0, 252, 12, 13, 165, 45),
(5, 11, 'Metapod', 100, 'home', 0, 31, 31, 31, 31, 31, 31, 0, 0, 255, 0, 255, 0, 64, NULL, NULL, NULL),
(6, 148, 'Dragonair', 100, 'home', 1, 31, 31, 31, 31, 31, 31, 0, 252, 0, 6, 0, 252, 98, 53, 78, 158);

-- --------------------------------------------------------

--
-- Estructura de tabla para la tabla `5e_pokemon`
--

CREATE TABLE `5e_pokemon` (
  `ID_5ePokemon` int(11) NOT NULL,
  `fk_pokemon` int(11) NOT NULL,
  `nom` varchar(255) NOT NULL,
  `nivell` int(11) NOT NULL,
  `sexe` varchar(250) NOT NULL,
  `shiny` tinyint(1) NOT NULL,
  `iv_ps` int(2) DEFAULT NULL,
  `iv_atac` int(2) DEFAULT NULL,
  `iv_def` int(2) DEFAULT NULL,
  `iv_AEsp` int(2) DEFAULT NULL,
  `iv_DEsp` int(2) DEFAULT NULL,
  `iv_vel` int(2) DEFAULT NULL,
  `ev_ps` int(3) DEFAULT NULL,
  `ev_atac` int(3) DEFAULT NULL,
  `ev_def` int(3) DEFAULT NULL,
  `ev_AEsp` int(3) DEFAULT NULL,
  `ev_DEsp` int(3) DEFAULT NULL,
  `ev_velocitat` int(3) DEFAULT NULL,
  `fk_mov1` int(11) NOT NULL,
  `fk_mov2` int(11) DEFAULT NULL,
  `fk_mov3` int(11) DEFAULT NULL,
  `fk_mov4` int(11) DEFAULT NULL
) ENGINE=InnoDB DEFAULT CHARSET=utf8mb4 COLLATE=utf8mb4_spanish2_ci;

--
-- Volcado de datos para la tabla `5e_pokemon`
--

INSERT INTO `5e_pokemon` (`ID_5ePokemon`, `fk_pokemon`, `nom`, `nivell`, `sexe`, `shiny`, `iv_ps`, `iv_atac`, `iv_def`, `iv_AEsp`, `iv_DEsp`, `iv_vel`, `ev_ps`, `ev_atac`, `ev_def`, `ev_AEsp`, `ev_DEsp`, `ev_velocitat`, `fk_mov1`, `fk_mov2`, `fk_mov3`, `fk_mov4`) VALUES
(1, 6, 'Charizard', 100, 'home', 1, 31, 31, 31, 31, 31, 31, 6, 0, 0, 252, 0, 252, 67, 89, 165, 45),
(2, 3, 'Venusaur', 100, 'dona', 0, 31, 31, 31, 31, 31, 31, 252, 0, 0, 252, 6, 0, 41, 87, 118, 120),
(3, 11, 'Metapod', 100, 'home', 0, 31, 31, 31, 31, 31, 31, 0, 0, 255, 0, 255, 0, 64, NULL, NULL, NULL),
(4, 18, 'Pidgeot', 100, 'home', 0, 31, 31, 31, 31, 31, 31, 6, 252, 0, 0, 0, 252, 12, 13, 165, 45),
(5, 11, 'Metapod', 100, 'home', 0, 31, 31, 31, 31, 31, 31, 0, 0, 255, 0, 255, 0, 64, NULL, NULL, NULL),
(6, 148, 'Dragonair', 100, 'home', 1, 31, 31, 31, 31, 31, 31, 0, 252, 0, 6, 0, 252, 98, 53, 78, 158);

-- --------------------------------------------------------

--
-- Estructura de tabla para la tabla `6e_pokemon`
--

CREATE TABLE `6e_pokemon` (
  `ID_6ePokemon` int(11) NOT NULL,
  `fk_pokemon` int(11) NOT NULL,
  `nom` varchar(255) NOT NULL,
  `nivell` int(11) NOT NULL,
  `sexe` varchar(250) NOT NULL,
  `shiny` tinyint(1) NOT NULL,
  `iv_ps` int(2) DEFAULT NULL,
  `iv_atac` int(2) DEFAULT NULL,
  `iv_def` int(2) DEFAULT NULL,
  `iv_AEsp` int(2) DEFAULT NULL,
  `iv_DEsp` int(2) DEFAULT NULL,
  `iv_vel` int(2) DEFAULT NULL,
  `ev_ps` int(3) DEFAULT NULL,
  `ev_atac` int(3) DEFAULT NULL,
  `ev_def` int(3) DEFAULT NULL,
  `ev_AEsp` int(3) DEFAULT NULL,
  `ev_DEsp` int(3) DEFAULT NULL,
  `ev_velocitat` int(3) DEFAULT NULL,
  `fk_mov1` int(11) NOT NULL,
  `fk_mov2` int(11) DEFAULT NULL,
  `fk_mov3` int(11) DEFAULT NULL,
  `fk_mov4` int(11) DEFAULT NULL
) ENGINE=InnoDB DEFAULT CHARSET=utf8mb4 COLLATE=utf8mb4_spanish2_ci;

--
-- Volcado de datos para la tabla `6e_pokemon`
--

INSERT INTO `6e_pokemon` (`ID_6ePokemon`, `fk_pokemon`, `nom`, `nivell`, `sexe`, `shiny`, `iv_ps`, `iv_atac`, `iv_def`, `iv_AEsp`, `iv_DEsp`, `iv_vel`, `ev_ps`, `ev_atac`, `ev_def`, `ev_AEsp`, `ev_DEsp`, `ev_velocitat`, `fk_mov1`, `fk_mov2`, `fk_mov3`, `fk_mov4`) VALUES
(1, 69, 'Bellsprout', 100, 'home', 1, 31, 31, 31, 31, 31, 31, 252, 0, 0, 252, 0, 6, 42, 53, 93, 147),
(2, 3, 'Venusaur', 100, 'dona', 0, 31, 31, 31, 31, 31, 31, 252, 0, 0, 252, 6, 0, 41, 87, 118, 120),
(3, 11, 'Metapod', 100, 'home', 0, 31, 31, 31, 31, 31, 31, 0, 0, 255, 0, 255, 0, 64, NULL, NULL, NULL),
(4, 18, 'Pidgeot', 100, 'home', 0, 31, 31, 31, 31, 31, 31, 6, 252, 0, 0, 0, 252, 12, 13, 165, 45),
(5, 11, 'Metapod', 100, 'home', 0, 31, 31, 31, 31, 31, 31, 0, 0, 255, 0, 255, 0, 64, NULL, NULL, NULL),
(6, 148, 'Dragonair', 100, 'home', 1, 31, 31, 31, 31, 31, 31, 0, 252, 0, 6, 0, 252, 98, 53, 78, 158);

-- --------------------------------------------------------

--
-- Estructura de tabla para la tabla `efectivitat`
--

CREATE TABLE `efectivitat` (
  `ID_efectivitat` int(11) NOT NULL,
  `ID_tipoAt` int(11) NOT NULL,
  `ID_tipoDe` int(11) NOT NULL,
  `dmg` decimal(4,2) NOT NULL
) ENGINE=InnoDB DEFAULT CHARSET=utf8mb4 COLLATE=utf8mb4_spanish2_ci;

--
-- Volcado de datos para la tabla `efectivitat`
--

INSERT INTO `efectivitat` (`ID_efectivitat`, `ID_tipoAt`, `ID_tipoDe`, `dmg`) VALUES
(1, 1, 1, 1.00),
(2, 1, 2, 1.00),
(3, 1, 3, 1.00),
(4, 1, 4, 1.00),
(5, 1, 5, 1.00),
(6, 1, 6, 1.00),
(7, 1, 7, 1.00),
(8, 1, 8, 1.00),
(9, 1, 9, 0.00),
(10, 1, 10, 1.00),
(11, 1, 11, 1.00),
(12, 1, 12, 1.00),
(13, 1, 13, 0.50),
(14, 1, 14, 1.00),
(15, 1, 15, 1.00),
(16, 2, 1, 1.00),
(17, 2, 2, 0.50),
(18, 2, 3, 0.50),
(19, 2, 4, 2.00),
(20, 2, 5, 1.00),
(21, 2, 6, 0.50),
(22, 2, 7, 0.50),
(23, 2, 8, 1.00),
(24, 2, 9, 1.00),
(25, 2, 10, 1.00),
(26, 2, 11, 1.00),
(27, 2, 12, 0.50),
(28, 2, 13, 2.00),
(29, 2, 14, 2.00),
(30, 2, 15, 0.50),
(31, 3, 1, 1.00),
(32, 3, 2, 2.00),
(33, 3, 3, 0.50),
(34, 3, 4, 0.50),
(35, 3, 5, 1.00),
(36, 3, 6, 2.00),
(37, 3, 7, 1.00),
(38, 3, 8, 1.00),
(39, 3, 9, 1.00),
(40, 3, 10, 1.00),
(41, 3, 11, 1.00),
(42, 3, 12, 1.00),
(43, 3, 13, 0.50),
(44, 3, 14, 1.00),
(45, 3, 15, 0.50),
(46, 4, 1, 1.00),
(47, 4, 2, 0.50),
(48, 4, 3, 2.00),
(49, 4, 4, 0.50),
(50, 4, 5, 1.00),
(51, 4, 6, 1.00),
(52, 4, 7, 1.00),
(53, 4, 8, 1.00),
(54, 4, 9, 1.00),
(55, 4, 10, 1.00),
(56, 4, 11, 1.00),
(57, 4, 12, 0.50),
(58, 4, 13, 2.00),
(59, 4, 14, 2.00),
(60, 4, 15, 1.00),
(61, 5, 1, 2.00),
(62, 5, 2, 1.00),
(63, 5, 3, 1.00),
(64, 5, 4, 1.00),
(65, 5, 5, 1.00),
(66, 5, 6, 0.50),
(67, 5, 7, 0.50),
(68, 5, 8, 0.50),
(69, 5, 9, 0.00),
(70, 5, 10, 1.00),
(71, 5, 11, 2.00),
(72, 5, 12, 1.00),
(73, 5, 13, 2.00),
(74, 5, 14, 1.00),
(75, 5, 15, 0.50),
(76, 6, 1, 1.00),
(77, 6, 2, 2.00),
(78, 6, 3, 0.50),
(79, 6, 4, 1.00),
(80, 6, 5, 0.50),
(81, 6, 6, 1.00),
(82, 6, 7, 2.00),
(83, 6, 8, 2.00),
(84, 6, 9, 0.50),
(85, 6, 10, 1.00),
(86, 6, 11, 1.00),
(87, 6, 12, 1.00),
(88, 6, 13, 1.00),
(89, 6, 14, 1.00),
(90, 6, 15, 0.50),
(91, 7, 1, 1.00),
(92, 7, 2, 2.00),
(93, 7, 3, 1.00),
(94, 7, 4, 1.00),
(95, 7, 5, 1.00),
(96, 7, 6, 2.00),
(97, 7, 7, 0.50),
(98, 7, 8, 1.00),
(99, 7, 9, 0.50),
(100, 7, 10, 1.00),
(101, 7, 11, 1.00),
(102, 7, 12, 1.00),
(103, 7, 13, 0.50),
(104, 7, 14, 0.50),
(105, 7, 15, 1.00),
(106, 8, 1, 1.00),
(107, 8, 2, 1.00),
(108, 8, 3, 1.00),
(109, 8, 4, 1.00),
(110, 8, 5, 2.00),
(111, 8, 6, 1.00),
(112, 8, 7, 2.00),
(113, 8, 8, 0.50),
(114, 8, 9, 1.00),
(115, 8, 10, 1.00),
(116, 8, 11, 1.00),
(117, 8, 12, 1.00),
(118, 8, 13, 1.00),
(119, 8, 14, 1.00),
(120, 8, 15, 1.00),
(121, 9, 1, 0.00),
(122, 9, 2, 1.00),
(123, 9, 3, 1.00),
(124, 9, 4, 1.00),
(125, 9, 5, 1.00),
(126, 9, 6, 1.00),
(127, 9, 7, 1.00),
(128, 9, 8, 0.00),
(129, 9, 9, 2.00),
(130, 9, 10, 1.00),
(131, 9, 11, 1.00),
(132, 9, 12, 1.00),
(133, 9, 13, 1.00),
(134, 9, 14, 1.00),
(135, 9, 15, 1.00),
(136, 10, 1, 1.00),
(137, 10, 2, 1.00),
(138, 10, 3, 1.00),
(139, 10, 4, 1.00),
(140, 10, 5, 1.00),
(141, 10, 6, 1.00),
(142, 10, 7, 1.00),
(143, 10, 8, 0.50),
(144, 10, 9, 1.00),
(145, 10, 10, 1.00),
(146, 10, 11, 1.00),
(147, 10, 12, 1.00),
(148, 10, 13, 1.00),
(149, 10, 14, 0.00),
(150, 10, 15, 2.00),
(151, 11, 1, 1.00),
(152, 11, 2, 2.00),
(153, 11, 3, 1.00),
(154, 11, 4, 0.50),
(155, 11, 5, 1.00),
(156, 11, 6, 1.00),
(157, 11, 7, 1.00),
(158, 11, 8, 1.00),
(159, 11, 9, 1.00),
(160, 11, 10, 1.00),
(161, 11, 11, 1.00),
(162, 11, 12, 2.00),
(163, 11, 13, 1.00),
(164, 11, 14, 2.00),
(165, 11, 15, 2.00),
(166, 12, 1, 1.00),
(167, 12, 2, 1.00),
(168, 12, 3, 1.00),
(169, 12, 4, 1.00),
(170, 12, 5, 1.00),
(171, 12, 6, 1.00),
(172, 12, 7, 1.00),
(173, 12, 8, 1.00),
(174, 12, 9, 1.00),
(175, 12, 10, 1.00),
(176, 12, 11, 1.00),
(177, 12, 12, 2.00),
(178, 12, 13, 1.00),
(179, 12, 14, 1.00),
(180, 12, 15, 1.00),
(181, 13, 1, 1.00),
(182, 13, 2, 1.00),
(183, 13, 3, 2.00),
(184, 13, 4, 1.00),
(185, 13, 5, 0.50),
(186, 13, 6, 2.00),
(187, 13, 7, 1.00),
(188, 13, 8, 1.00),
(189, 13, 9, 1.00),
(190, 13, 10, 1.00),
(191, 13, 11, 2.00),
(192, 13, 12, 1.00),
(193, 13, 13, 1.00),
(194, 13, 14, 0.50),
(195, 13, 15, 2.00),
(196, 14, 1, 1.00),
(197, 14, 2, 0.50),
(198, 14, 3, 2.00),
(199, 14, 4, 1.00),
(200, 14, 5, 1.00),
(201, 14, 6, 0.50),
(202, 14, 7, 2.00),
(203, 14, 8, 1.00),
(204, 14, 9, 1.00),
(205, 14, 10, 2.00),
(206, 14, 11, 1.00),
(207, 14, 12, 1.00),
(208, 14, 13, 2.00),
(209, 14, 14, 1.00),
(210, 14, 15, 0.00),
(211, 15, 1, 1.00),
(212, 15, 2, 2.00),
(213, 15, 3, 1.00),
(214, 15, 4, 1.00),
(215, 15, 5, 2.00),
(216, 15, 6, 2.00),
(217, 15, 7, 1.00),
(218, 15, 8, 1.00),
(219, 15, 9, 1.00),
(220, 15, 10, 0.50),
(221, 15, 11, 1.00),
(222, 15, 12, 1.00),
(223, 15, 13, 0.50),
(224, 15, 14, 1.00),
(225, 15, 15, 1.00);

-- --------------------------------------------------------

--
-- Estructura de tabla para la tabla `equips_pokemon`
--

CREATE TABLE `equips_pokemon` (
  `ID_equipsPokemon` int(11) NOT NULL,
  `fk_1er_pokemon` int(11) NOT NULL,
  `fk_2on_pokemon` int(11) DEFAULT NULL,
  `fk_3er_pokemon` int(11) DEFAULT NULL,
  `fk_4rt_pokemon` int(11) DEFAULT NULL,
  `fk_5e_pokemon` int(11) DEFAULT NULL,
  `fk_6e_pokemon` int(11) DEFAULT NULL,
  `fk_usuari` int(11) NOT NULL
) ENGINE=InnoDB DEFAULT CHARSET=utf8mb4 COLLATE=utf8mb4_spanish2_ci;

--
-- Volcado de datos para la tabla `equips_pokemon`
--

INSERT INTO `equips_pokemon` (`ID_equipsPokemon`, `fk_1er_pokemon`, `fk_2on_pokemon`, `fk_3er_pokemon`, `fk_4rt_pokemon`, `fk_5e_pokemon`, `fk_6e_pokemon`, `fk_usuari`) VALUES
(1, 1, 1, 1, 1, 1, 1, 11),
(3, 3, 3, 3, 3, 3, 3, 11),
(4, 4, 4, 4, 4, 4, 4, 14);

-- --------------------------------------------------------

--
-- Estructura de tabla para la tabla `moviments`
--

CREATE TABLE `moviments` (
  `ID_moviment` int(11) NOT NULL,
  `nom` varchar(100) NOT NULL,
  `id_tipo` int(11) NOT NULL,
  `classe` varchar(100) NOT NULL,
  `potencia` int(11) DEFAULT NULL,
  `precisio` int(11) DEFAULT NULL,
  `PP` int(11) NOT NULL,
  `descripcio` varchar(500) NOT NULL
) ENGINE=InnoDB DEFAULT CHARSET=utf8mb4 COLLATE=utf8mb4_spanish2_ci;

--
-- Volcado de datos para la tabla `moviments`
--

INSERT INTO `moviments` (`ID_moviment`, `nom`, `id_tipo`, `classe`, `potencia`, `precisio`, `PP`, `descripcio`) VALUES
(1, 'Absorber', 2, 'Especial', 20, 100, 25, 'L\'usuari recupera la meitat de PS del dany infligit.'),
(2, 'Ácido', 7, 'Especial', 40, 100, 30, 'Ruixa l\'objectiu amb un àcid corrosiu. Pot reduir la Defensa Especial.'),
(3, 'Afilar', 1, 'estat', NULL, NULL, 30, 'El perfil de l\'usuari es fa més afilat i el seu Atac millora.'),
(4, 'Agarre', 1, 'fisic', 55, 100, 30, 'Atenalla l\'objectiu i li infligeix dany.'),
(5, 'Agilidad', 8, 'estat', NULL, NULL, 30, 'Relaxar i alleugerir el cos per augmentar molt la Velocitat.'),
(6, 'Amnesia', 8, 'estat', NULL, NULL, 20, 'L\'usuari oblida les seves preocupacions i augmenta molt la Defensa Especial.'),
(7, 'Anulación', 1, 'estat', NULL, 100, 20, 'Anul·la l\'últim moviment utilitzat per l\'objectiu durant quatre torns.'),
(8, 'Arañazo', 1, 'fisic', 40, 100, 35, 'Esgarrapa amb urpes afilades.'),
(9, 'Armadura Ácida', 7, 'estat', NULL, NULL, 20, 'Transforma la seva estructura cel·lular per fer-se líquid i augmentar molt la Defensa.'),
(10, 'Ascuas', 3, 'Especial', 40, 100, 25, 'Ataca amb flames petites que poden causar cremades.'),
(11, 'Atadura', 1, 'fisic', 15, 85, 20, 'Utilitza el cos o les extremitats per lligar i oprimir l\'objectiu i infligir-li dany durant quatre o cinc torns.'),
(12, 'Ataque Aéreo', 15, 'fisic', 140, 90, 5, 'Ataca en el segon torn i sol donar un cop crític. També pot intimidar l\'objectiu.'),
(13, 'Ataque Ala', 15, 'fisic', 60, 100, 35, 'Estén totalment les seves majestuoses ales per colpejar l\'objectiu amb elles.'),
(14, 'Ataque Arena', 1, 'estat', NULL, 100, 15, 'Llança sorra a la cara de l\'objectiu i redueix la seva Precisió.'),
(15, 'Ataque Furia', 1, 'fisic', 15, 85, 20, 'Corna o picoteja l\'objectiu de dues a cinc vegades seguides.'),
(16, 'Ataque Óseo', 14, 'fisic', 65, 85, 20, 'Colpeja amb un os. Pot fer retrocedir l\'objectiu.'),
(17, 'Ataque Rápido', 1, 'fisic', 40, 100, 30, 'Ataca l\'objectiu a tal velocitat que és gairebé imperceptible. Aquest moviment té prioritat alta.'),
(18, 'Atizar', 1, 'fisic', 80, 75, 20, 'Colpeja amb la cua o amb lianes, per exemple, per causar dany a l\'objectiu.'),
(19, 'Autodestrucción', 1, 'fisic', 200, 100, 5, 'L\'atacant explota i fereix els Pokémon adjacents. L\'usuari es debilita immediatament.'),
(20, 'Avalancha', 13, 'fisic', 75, 90, 10, 'Llança grans pedres. Pot intimidar l\'objectiu.'),
(21, 'Barrera', 8, 'estat', NULL, NULL, 20, 'Crea una barrera que augmenta molt la Defensa.'),
(22, 'Beso Amoroso', 1, 'Especial', NULL, 75, 10, 'Intimida l\'objectiu amb una cara que espanta i li fa un petó que el deixa adormit.'),
(23, 'Bomba Huevo', 1, 'fisic', 100, 75, 10, 'Llança un ou enorme a l\'objectiu amb gran força.'),
(24, 'Bomba sónica', 1, 'Especial', NULL, 90, 20, 'Llança ones de xoc que resten 20 PS a l\'objectiu.'),
(25, 'Bombardeo', 1, 'fisic', 15, 85, 20, 'Llança esferes a l\'objectiu entre dues i cinc vegades seguides.'),
(26, 'Burbuja', 4, 'Especial', 40, 100, 30, 'Llança bombolles als contrincants i pot reduir la seva Velocitat.'),
(27, 'Cabezazo', 1, 'fisic', 130, 100, 10, 'L\'usuari es prepara i puja la seva Defensa en el primer torn i en el segon envest amb un cop de cap.'),
(28, 'Canto', 1, 'estat', NULL, 55, 15, 'Cançoneta que fa dormir profundament l\'objectiu.'),
(29, 'Cascada', 4, 'fisic', 80, 100, 15, 'Envest amb un gran impuls i pot arribar a intimidar l\'objectiu.'),
(30, 'Chirrido', 5, 'estat', NULL, 85, 40, 'Crit agut que redueix molt la Defensa de l\'objectiu.'),
(31, 'Chupavidas', 6, 'fisic', 80, 100, 10, 'Xupa sang a l\'objectiu. L\'usuari recupera la meitat dels PS del dany que produeix.'),
(32, 'Clavo cañón', 1, 'fisic', 20, 100, 15, 'Llança fines pues que fereixen de dues a cinc vegades.'),
(33, 'Comesueños', 8, 'Especial', 100, 100, 15, 'Engoleix els somnis d\'un objectiu adormit. L\'usuari recupera la meitat dels PS del dany que produeix.'),
(34, 'Confusión', 8, 'Especial', 50, 100, 25, 'Atac telequinètic feble que pot causar confusió.'),
(35, 'Constricción', 1, 'fisic', 15, 90, 20, 'Oprimeix l\'objectiu durant quatre o cinc torns amb lianes o amb el seu cos.'),
(36, 'Contraataque', 5, 'fisic', NULL, 100, 20, 'Torna un atac físic duplicat.'),
(37, 'Conversión', 1, 'estat', NULL, NULL, 30, 'Canvia el tipus de l\'usuari pel del primer moviment a la seva llista.'),
(38, 'Cornada', 1, 'fisic', 65, 100, 25, 'Ataca l\'objectiu amb una cornada punxant.'),
(39, 'Corte', 1, 'fisic', 50, 95, 30, 'Talla l\'objectiu amb urpes, falçs o similars.'),
(40, 'Cuchillada', 1, 'fisic', 65, 100, 20, 'Ataca amb fulles o amb pinces. Sol donar un cop crític.'),
(41, 'Danza Espada', 1, 'estat', NULL, NULL, 20, 'Aquest frenètic ball de combat eleva l\'esperit i augmenta molt l\'Atac.'),
(42, 'Danza Pétalo', 2, 'Especial', 120, 100, 10, 'Ataca l\'objectiu llançant pètals durant dos o tres torns i, en acabar, l\'usuari queda confós.'),
(43, 'Derribo', 1, 'fisic', NULL, NULL, 20, 'Càrrega desmesurada que també fereix lleugerament l\'usuari.'),
(44, 'Desarrollo', 1, 'estat', NULL, NULL, 20, 'Fa que el seu cos creixi ràpidament, amb la qual cosa augmenta el seu Atac i el seu Atac Especial.'),
(45, 'Descanso', 8, 'estat', NULL, NULL, 5, 'Restaura tots els PS i cura tots els problemes d\'estat de l\'usuari, que s\'adorm els dos torns següents.'),
(46, 'Deslumbrar', 1, 'estat', NULL, 100, 30, 'Intimida i espanta l\'objectiu amb la mirada per deixar-lo paralitzat.'),
(47, 'Destello', 1, 'estat', NULL, 100, 20, 'Llum encegadora que baixa la Precisió de l\'objectiu.'),
(48, 'Destructor', 1, 'fisic', 45, 100, 35, 'Colpeja l\'objectiu amb les extremitats, la cua o similars.'),
(49, 'Dia de Pago', 1, 'fisic', 40, 100, 20, 'Ataca l\'objectiu llançant-li monedes. En acabar el combat, les recupera en forma de guanys.'),
(50, 'Disparo Demora', 6, 'estat', NULL, 95, 40, 'Llança seda per la boca a l\'objectiu i redueix molt la seva Velocitat.'),
(51, 'Doble Ataque', 6, 'fisic', 25, 100, 20, 'Punxa dues vegades amb dues espines. Pot enverinar.'),
(52, 'Doble Bofetón', 1, 'fisic', 15, 85, 10, 'Bufeteja de dues a cinc vegades seguides.'),
(53, 'Doble Equipo', 1, 'estat', NULL, NULL, 15, 'L\'usuari es mou a velocitat vertiginosa i crea còpies il·lusòries de si mateix, amb la qual cosa augmenta la seva Evasió desconcertant el rival.'),
(54, 'Doble Filo', 1, 'fisic', 120, 100, 15, 'Atac arriscat que també fereix seriosament l\'usuari.'),
(55, 'Doble Patada', 5, 'fisic', 30, 100, 30, 'Propina dues puntades seguides, una amb cada peu.'),
(56, 'Drenadoras', 2, 'estat', NULL, 90, 10, 'Planta llavors que absorbeixen PS de l\'objectiu en cada torn i que li serveixen per recuperar-se.'),
(57, 'Espejo', 15, 'estat', NULL, NULL, 20, 'Ataca l\'objectiu amb l\'últim moviment que aquest hagi utilitzat.'),
(58, 'Espora', 2, 'estat', NULL, 100, 15, 'Escampa espores que indueixen el son.'),
(59, 'Excavar', 14, 'fisic', 80, 100, 10, 'L\'usuari cava durant el primer torn i ataca en el segon.'),
(60, 'Explosión', 1, 'fisic', 250, 100, 5, 'L\'atacant causa una grandíssima explosió i fereix els Pokémon adjacents. L\'usuari es debilita immediatament.'),
(61, 'Fisura', 14, 'fisic', NULL, 30, 5, 'Obre una esquerda al terra i hi fica l\'objectiu. Fulmina l\'objectiu d\'un sol cop si encerta.'),
(62, 'Foco Energia', 1, 'estat', NULL, NULL, 30, 'Concentra energia per augmentar les possibilitats de donar un cop crític.'),
(63, 'Forcejeo', 1, 'fisic', 50, NULL, 1, 'Només s\'utilitza com a últim recurs en acabar-se els PP. L\'usuari es fereix lleugerament a si mateix.'),
(64, 'Fortaleza', 1, 'estat', NULL, NULL, 30, 'L\'usuari tensa la seva musculatura per augmentar la Defensa.'),
(65, 'Fuerza', 1, 'fisic', 80, 100, 15, 'Ataca l\'objectiu colpejant-lo amb totes les seves forces.'),
(66, 'Furia', 1, 'fisic', 20, 100, 20, 'En utilitzar-se, augmenta l\'Atac de l\'usuari cada vegada que és colpejat.'),
(67, 'Furia Dragon', 12, 'Especial', NULL, 100, 10, 'Ràfegues de furioses ones de xoc que treuen 40 PS.'),
(68, 'Gas venenoso', 7, 'estat', NULL, 90, 40, 'Llança un núvol de gas tòxic al rostre de l\'objectiu. Produeix enverinament.'),
(69, 'Giro fuego', 3, 'Especial', 35, 85, 15, 'Un anell de foc que atrapa i danya l\'objectiu durant quatre o cinc torns.'),
(70, 'Golpe Cabeza', 1, 'fisic', 70, 100, 15, 'Potent cop de cap que pot intimidar l\'objectiu.'),
(71, 'Golpe Cuerpo', 1, 'fisic', 85, 100, 15, 'Salta sobre l\'objectiu amb tot el seu pes i pot arribar a paralitzar-lo.'),
(72, 'Golpe Kárate', 1, 'fisic', 50, 100, 25, 'Dóna un cop tallant. Sol ser crític.'),
(73, 'Golpes Furia', 1, 'fisic', 18, 80, 15, 'Esgarrapa l\'objectiu amb ungles, fulles o similars de dues a cinc vegades seguides.'),
(74, 'Gruñido', 1, 'estat', NULL, 100, 40, 'Dolç gruny que distreu l\'objectiu perquè baixi la guàrdia i redueix el seu Atac.'),
(75, 'Guillotina', 1, 'fisic', NULL, 30, 5, 'Atac tallant amb grans pinces que fulmina l\'objectiu d\'un sol cop si encerta.'),
(76, 'Hidrobomba', 4, 'Especial', 110, 80, 5, 'Llança una gran massa d\'aigua a pressió per atacar.'),
(77, 'Hipercolmillo', 1, 'fisic', 80, 90, 15, 'Ataca amb aguts ullals. Pot intimidar l\'objectiu.'),
(78, 'Hiperrayo', 1, 'Especial', 150, 90, 5, 'L\'usuari ataca l\'objectiu amb un potent raig de llum, però haurà de descansar en el següent torn.'),
(79, 'Hipnosis', 8, 'estat', NULL, 60, 20, 'Atac hipnòtic que fa dormir profundament l\'objectiu.'),
(80, 'Hoja Afilada', 2, 'fisic', 55, 95, 25, 'Talla amb fulles afilades. Sol donar un cop crític.'),
(81, 'Huesomerang', 13, 'fisic', 50, 90, 10, 'Llança l\'os que porta com a bumerang contra l\'objectiu i li infligeix dany dues vegades seguides.'),
(82, 'Impactrueno', 10, 'Especial', 40, 100, 30, 'Atac elèctric que pot paralitzar l\'objectiu.'),
(83, 'Kinético', 8, 'estat', NULL, 80, 30, 'Doblega una cullera per distreure l\'objectiu i reduir la seva Precisió.'),
(84, 'Lanzallamas', 3, 'Especial', 90, 100, 15, 'Ataca amb una gran ràfega de foc que pot causar cremades.'),
(86, 'Látigo', 1, 'estat', 90, 85, 20, 'Agita la cua per despistar l\'objectiu i reduir la seva Defensa.'),
(87, 'Látigo Cepa', 2, 'fisic', 45, 100, 25, 'Assota l\'objectiu amb lianes primes i llargues tan flexibles com fuets.'),
(88, 'Lengüetazo', 9, 'fisic', 30, 100, 30, 'L\'usuari ataca l\'objectiu llepant-lo amb la seva llarga llengua. Pot causar paràlisi.'),
(89, 'Llamarada', 3, 'Especial', 110, 85, 5, 'Flama intensa que socarra i pot causar cremades.'),
(90, 'Malicioso', 1, 'estat', NULL, 100, 30, 'Intimida l\'objectiu amb una mirada torva per reduir la seva Defensa.'),
(91, 'Martillazo', 4, 'fisic', 100, 90, 10, 'Colpeja amb força amb una pinça enorme. Sol donar un cop crític.'),
(92, 'Meditación', 8, 'estat', NULL, NULL, 40, 'L\'usuari reposa i medita per potenciar l\'Atac.'),
(93, 'Megaagotar', 2, 'fisic', 40, 100, 15, 'Un atac que absorbeix nutrients. L\'usuari recupera la meitat dels PS del dany que produeix.'),
(94, 'Megapatada', 1, 'fisic', 120, 75, 5, 'Puntada d\'extrema força.'),
(95, 'Megapuño', 1, 'fisic', 80, 85, 20, 'Cop de puny de gran potència.'),
(96, 'Meteoros', 1, 'Especial', 60, NULL, 20, 'Llança raigs en forma d\'estrella que no fallen mai.'),
(97, 'Metrónomo', 1, 'estat', NULL, NULL, 10, 'Mou un dit i estimula el seu cervell per utilitzar a l\'atzar gairebé qualsevol moviment.'),
(98, 'Mimético', 1, 'estat', NULL, NULL, 10, 'Copia l\'últim moviment utilitzat per l\'objectiu, i pot utilitzar-lo mentre estigui en el combat.'),
(99, 'Mordisco', 1, 'fisic', 60, 100, 25, 'Una mossegada vorac amb dents afilades que pot intimidar l\'objectiu.'),
(100, 'Neblina', 11, 'estat', NULL, NULL, 30, 'Rodeja d\'una boira blanquinosa el bàndol de l\'usuari i impedeix que el rival redueixi les seves característiques durant cinc torns.'),
(101, 'Niebla', 11, 'estat', NULL, NULL, 30, 'Boira fosca que elimina els canvis en les característiques de tots els Pokémon en combat.'),
(102, 'Onda Trueno', 10, 'estat', NULL, 90, 20, 'Una lleugera descàrrega que paralitza l\'objectiu.'),
(103, 'Ovocuracion', 1, 'estat', NULL, NULL, 5, 'Restaura la meitat dels PS màxims de l\'usuari.'),
(104, 'Pantalla de humo', 1, 'estat', NULL, 100, 20, 'Redueix la Precisió de l\'objectiu amb un núvol de fum o tinta.'),
(105, 'Pantalla de Luz', 8, 'Especial', NULL, NULL, 30, 'Barrera misteriosa que redueix el dany produït pels atacs del rival.'),
(106, 'Patada Giro', 5, 'fisic', 60, 85, 15, 'Dóna una puntada ràpida i circular. Pot fer retrocedir l\'objectiu.'),
(107, 'Paralizador', 2, 'estat', NULL, 75, 30, 'Escampa pols que paralitza l\'objectiu.'),
(108, 'Patada Baja', 5, 'fisic', NULL, 100, 20, 'Puntada que fa caure l\'objectiu. Com més pesa aquest, més dany li causa.'),
(109, 'Patada Salto Alta', 5, 'fisic', 130, 90, 10, 'L\'usuari salta molt alt i propina un cop de genoll a l\'objectiu. Si falla, es fereix a si mateix.'),
(110, 'Patada Salto', 5, 'fisic', 100, 95, 10, 'Dóna un salt i pega una puntada. Si falla, es lesiona.'),
(111, 'Perforador', 1, 'fisic', NULL, 30, 5, 'Atac amb una banya giratòria que fulmina l\'objectiu d\'un sol cop si encerta.'),
(112, 'Pico Taladro', 15, 'fisic', 80, 100, 20, 'Picot giratori i perforador molt potent.'),
(113, 'Picotazo', 15, 'fisic', 35, 100, 35, 'Llança un fibló tòxic que pot enverinar l\'objectiu.'),
(114, 'Picotazo 7', 7, 'fisic', 15, 100, 35, 'Travessa l\'objectiu amb una banya o un bec punxant.'),
(115, 'Pin Misil', 6, 'fisic', 25, 95, 20, 'Llança afilades pues que fereixen l\'objectiu de dues a cinc vegades seguides.'),
(116, 'Pisotón', 1, 'fisic', 65, 100, 20, 'Tremenda trepitjada que pot fer que l\'objectiu s\'intimidi.'),
(117, 'Pistola 4', 4, 'Especial', 40, 100, 25, 'Ataca disparant aigua amb gran potència.'),
(118, 'Placaje', 1, 'fisic', NULL, 100, 30, 'Envestida amb tot el cos.'),
(119, 'Polución', 7, 'Especial', 30, 70, 20, 'Llança un atac amb gasos tòxics que pot arribar a enverinar.'),
(120, 'Polvo 7so', 7, 'estat', NULL, 75, 35, 'Escampa pols tòxic que enverina l\'objectiu.'),
(121, 'Psicoonda', 8, 'Especial', NULL, 100, 15, 'Atac amb una ona d\'energia d\'intensitat variable.'),
(122, 'Psicorrayo', 8, 'Especial', 65, 100, 20, 'Estrany raig que pot causar confusió.'),
(123, 'psiquico', 8, 'Especial', 90, 100, 10, 'Fort atac telequinètic que pot reduir la Defensa Especial de l\'objectiu.'),
(124, 'Puño Cometa', 1, 'fisic', 18, 85, 15, 'Colpeja de dues a cinc vegades seguides.'),
(125, 'Puño 3', 3, 'fisic', 75, 100, 15, 'Cop de puny ardent que pot causar cremades.'),
(126, 'Puño 11', 11, 'fisic', 75, 100, 15, 'Cop de puny gelat que pot arribar a congelar.'),
(127, 'Puño Mareo', 1, 'fisic', 70, 100, 10, 'Rítmics cops de puny que poden causar confusió.'),
(128, 'Puño Trueno', 10, 'fisic', 75, 100, 15, 'Cop de puny elèctric que pot paralitzar.'),
(129, 'Rayo', 10, 'Especial', 90, 100, 15, 'Potent atac elèctric que pot paralitzar l\'objectiu.'),
(130, 'Rayo Aurora', 11, 'Especial', 65, 100, 20, 'Raig multicolor que pot reduir l\'Atac.'),
(131, 'Rayo Burbuja', 4, 'Especial', 65, 100, 20, 'Ràfega de bombolles que poden reduir la Velocitat.'),
(132, 'Rayo Confuso', 9, 'estat', NULL, 100, 10, 'Raig sinistre que confon l\'objectiu.'),
(133, 'Rayo 11', 11, 'Especial', 90, 100, 10, 'Raig de gel que pot arribar a congelar.'),
(134, 'Rayo Solar', 2, 'Especial', 120, 100, 10, 'L\'usuari absorbeix llum en el primer torn i, en el segon, llança un potent raig d\'energia.'),
(135, 'Recuperación', 1, 'estat', NULL, NULL, 5, 'L\'usuari regenera les seves cèl·lules i recupera una quantitat de PS equivalent a la meitat dels seus PS màxims.'),
(136, 'Reducción', 1, 'estat', NULL, NULL, 10, 'L\'usuari minva per augmentar molt l\'Evasió.'),
(137, 'Reflejo', 8, 'estat', NULL, NULL, 20, 'Barrera misteriosa que redueix durant cinc torns el dany produït pels atacs físics del rival.'),
(138, 'Refugio', 4, 'estat', NULL, NULL, 40, 'L\'usuari es protegeix en la seva closca, per la qual cosa li augmenta la Defensa.'),
(139, 'Remolino', 1, 'estat', NULL, NULL, 20, 'S\'emporta l\'objectiu, que és canviat per un altre Pokémon. Si és un Pokémon salvatge, acaba el combat.'),
(140, 'Residuos', 7, 'Especial', 65, 100, 20, 'Llança residus a l\'objectiu. Pot arribar a enverinar.'),
(141, 'Restricción', 1, 'fisic', 10, 100, 35, 'Ataca amb llargs tentacles o sarments que poden baixar la Velocitat.'),
(142, 'Rizo Defensa', 1, 'estat', NULL, NULL, 40, 'S\'enrosca per ocultar els seus punts febles i augmentar la Defensa.'),
(143, 'Rugido', 1, 'estat', NULL, NULL, 20, 'S\'emporta l\'objectiu, que és canviat per un altre Pokémon. Si és un Pokémon salvatge, acaba el combat.'),
(144, 'Salpicadura', 1, 'estat', NULL, NULL, 40, 'No té cap efecte. Només esquitxa.'),
(145, 'Seña', 1, 'fisic', 120, 100, 10, 'L\'usuari ataca enfurismat durant dos o tres torns i, després, queda confós.'),
(146, 'Símico', 1, 'fisic', NULL, 100, 20, 'Aprofita la gravetat per fer caure l\'objectiu. Li resta tants PS com nivell tingui l\'usuari.'),
(147, 'Somnifero', 2, 'estat', NULL, 75, 75, 'Escampa pols que fa dormir l\'objectiu.'),
(148, 'Sumisión', 5, 'fisic', 80, 80, 20, 'L\'usuari es llança al terra amb l\'oponent en braços i també es fa una mica de mal.'),
(149, 'Superdiente', 1, 'fisic', NULL, 90, 10, 'Dóna una mossegada amb les seves afilades dents que redueix a la meitat els PS de l\'objectiu.'),
(150, 'Supesónico', 1, 'estat', NULL, 55, 20, 'El cos de l\'usuari emet unes ones sonores rares que confonen l\'objectiu.'),
(151, 'Surf', 4, 'Especial', 90, 100, 15, 'Inunda el terreny de combat amb una onada gegant que colpeja els Pokémon adjacents.'),
(152, 'Sustiuto', 1, 'estat', NULL, NULL, 10, 'Utilitza part dels PS propis per crear un substitut que actua com a esquer.'),
(153, 'Teletransporte', 8, 'estat', 120, 70, 10, 'Permet a l\'usuari canviar-se per un altre Pokémon de l\'equip, si n\'hi ha. Si un Pokémon salvatge utilitza aquest moviment, fuig del combat.'),
(154, 'Tenaza', 4, 'fisic', 35, 85, 15, 'Atrapa i atenalla amb força durant quatre o cinc torns.'),
(155, 'Terremoto', 14, 'fisic', 100, 100, 10, 'Un terratrèmol que afecta els Pokémon.'),
(156, 'Tinieblas', 9, 'Especial', NULL, 100, 15, 'Produeix un miratge davant l\'objectiu, que perd tants PS com nivell tingui l\'usuari.'),
(157, 'Tornado', 1, 'Especial', 40, 100, 35, 'Crea un tornado amb les ales i el llança contra l\'objectiu.'),
(158, 'Tóxico', 7, 'estat', NULL, 90, 10, 'Enverina greument l\'objectiu i causa un dany més gran en cada torn.'),
(159, 'Transformación', 1, 'estat', NULL, NULL, 10, 'L\'usuari es transforma en una còpia de l\'objectiu, amb els mateixos moviments.'),
(160, 'Triataque', 1, 'Especial', 80, 100, 10, 'Atac amb tres raigs de llum que pot paralitzar, cremar o congelar l\'objectiu.'),
(161, 'Trueno', 10, 'Especial', 110, 70, 10, 'Un poderós raig que danya l\'objectiu i pot paralitzar-lo.'),
(162, 'Venganza', 1, 'fisic', NULL, NULL, 10, 'Espera dos torns per atacar amb el doble de potència del dany rebut.'),
(163, 'Ventisca', 11, 'Especial', 110, 70, 5, 'Tempesta de gel que pot arribar a congelar.'),
(164, 'Viento Cortante', 1, 'Especial', 80, 100, 10, 'Primer es prepara i en el segon torn ataca l\'oponent amb ràfegues de vent tallant. Alta probabilitat de ser crític.'),
(165, 'Vuelo', 15, 'fisic', 90, 95, 15, 'L\'usuari Vola en el primer torn i ataca en el segon.'),
(166, 'Lanzarrocas', 13, 'fisic', 50, 90, 15, 'Causa mal,no té cap efecte secundari.');

-- --------------------------------------------------------

--
-- Estructura de tabla para la tabla `pokedex`
--

CREATE TABLE `pokedex` (
  `ID_pokedex` int(11) NOT NULL,
  `imatgeM` varchar(250) DEFAULT NULL,
  `imatgeF` varchar(250) DEFAULT NULL,
  `imatgeShinyM` varchar(250) DEFAULT NULL,
  `imatgeShinyF` varchar(250) DEFAULT NULL,
  `nom` varchar(200) NOT NULL,
  `tipo1` int(11) NOT NULL,
  `tipo2` int(11) DEFAULT NULL,
  `descripcio` varchar(500) NOT NULL,
  `pes` decimal(10,2) NOT NULL,
  `altura` decimal(10,2) NOT NULL,
  `PS` int(11) NOT NULL,
  `atac` int(11) NOT NULL,
  `defensa` int(11) NOT NULL,
  `atEspecial` int(11) NOT NULL,
  `defEspecial` int(11) NOT NULL,
  `velocitat` int(11) NOT NULL,
  `total` int(11) NOT NULL
) ENGINE=InnoDB DEFAULT CHARSET=utf8mb4 COLLATE=utf8mb4_spanish2_ci;

--
-- Volcado de datos para la tabla `pokedex`
--

INSERT INTO `pokedex` (`ID_pokedex`, `imatgeM`, `imatgeF`, `imatgeShinyM`, `imatgeShinyF`, `nom`, `tipo1`, `tipo2`, `descripcio`, `pes`, `altura`, `PS`, `atac`, `defensa`, `atEspecial`, `defEspecial`, `velocitat`, `total`) VALUES
(1, '../../IMG/Pokemons/001.png', '../../IMG/Pokemons/001.png', '../../IMG/Pokemons/001Shiny.png', '../../IMG/Pokemons/001Shiny.png', 'Bulbasaur', 2, 7, 'Una rara semilla fue plantada en su espalda al nacer. La planta brota y crece con este Pok?mon.', 6.90, 0.70, 45, 49, 49, 65, 65, 45, 318),
(2, '../../IMG/Pokemons/002.png', '../../IMG/Pokemons/002.png', '../../IMG/Pokemons/002Shiny.png', '../../IMG/Pokemons/002Shiny.png', 'Ivysaur', 2, 7, 'Quan el bulb de l\'esquena es fa gran, sembla que perd la capacitat d\'aguantar-se sobre les potes del darrere.', 13.00, 1.00, 60, 62, 63, 80, 80, 60, 405),
(3, '../../IMG/Pokemons/003M.png', '../../IMG/Pokemons/003F.png', '../../IMG/Pokemons/003MShiny.png', '../../IMG/Pokemons/003FShiny.png', 'Venusaur', 2, 7, 'La planta floreix quan absorbeix l\'energia solar. Es mant? en moviment per buscar la llum solar.', 100.00, 2.00, 80, 82, 83, 100, 100, 80, 525),
(4, '../../IMG/Pokemons/004.png', '../../IMG/Pokemons/004.png', '../../IMG/Pokemons/004Shiny.png', '../../IMG/Pokemons/004Shiny.png', 'Charmander', 3, NULL, 'Evidentment, prefereix els llocs calents. Quan plou, es diu que brolla vapor de la punta de la cua.', 8.50, 0.60, 39, 52, 43, 60, 50, 65, 309),
(5, '../../IMG/Pokemons/005.png', '../../IMG/Pokemons/005.png', '../../IMG/Pokemons/005Shiny.png', '../../IMG/Pokemons/005Shiny.png', 'Charmeleon', 3, NULL, 'Quan balanceja la seva cua ardent, eleva la temperatura a nivells insuportablement alts.', 19.00, 1.10, 85, 64, 58, 80, 65, 80, 405),
(6, '../../IMG/Pokemons/006.png', '../../IMG/Pokemons/006.png', '../../IMG/Pokemons/006Shiny.png', '../../IMG/Pokemons/006Shiny.png', 'Charizard', 3, 15, 'Escup foc prou calent com per fondre els blocs. Se sap que provoca incendis forestals sense voler.', 90.50, 1.70, 78, 84, 78, 109, 85, 100, 534),
(7, '../../IMG/Pokemons/007.png', '../../IMG/Pokemons/007.png', '../../IMG/Pokemons/007Shiny.png', '../../IMG/Pokemons/007Shiny.png', 'Squirtle', 4, NULL, 'Despr?s del naixement, la seva esquena s\'infla i s\'endureix en una closca. Polvoreix poderosament escuma de la seva boca.', 9.00, 0.50, 44, 48, 65, 50, 64, 43, 314),
(8, '../../IMG/Pokemons/008.png', '../../IMG/Pokemons/008.png', '../../IMG/Pokemons/008Shiny.png', '../../IMG/Pokemons/008Shiny.png', 'Wartortle', 4, NULL, 'Sovint s\'amaga a l\'aigua per perseguir preses incautades. Per nedar r?pid, mou les orelles per mantenir l\'equilibri.', 22.50, 1.00, 59, 63, 80, 65, 80, 58, 405),
(9, '../../IMG/Pokemons/009.png', '../../IMG/Pokemons/009.png', '../../IMG/Pokemons/009Shiny.png', '../../IMG/Pokemons/009Shiny.png', 'Blastoise', 4, NULL, 'Un Pok?mon brutal amb dolls d\'aigua a pressi? a la closca. S\'utilitzen per a tacles d\'alta velocitat.', 85.50, 1.60, 79, 103, 120, 135, 115, 78, 630),
(10, '../../IMG/Pokemons/010.png', '../../IMG/Pokemons/010.png', '../../IMG/Pokemons/010Shiny.png', '../../IMG/Pokemons/010Shiny.png', 'Caterpie', 6, NULL, 'Els seus peus curts estan inclinats amb ventoses que li permeten escalar incansablement vessants i parets.', 2.90, 0.30, 45, 30, 35, 20, 20, 45, 195),
(11, '../../IMG/Pokemons/011.png', '../../IMG/Pokemons/011.png', '../../IMG/Pokemons/011Shiny.png', '../../IMG/Pokemons/011Shiny.png', 'Metapod', 6, NULL, 'Aquest pokemon ?s vulnerable als atacs mentre la seva closca ?s suau, deixant al descobert el seu cos feble i tendre.', 9.90, 0.70, 50, 20, 55, 25, 25, 30, 205),
(12, '../../IMG/Pokemons/012M.png', '../../IMG/Pokemons/012F.png', '../../IMG/Pokemons/012MShiny.png', '../../IMG/Pokemons/012FShiny.png', 'Butterfree', 6, 15, 'En la batalla, bate les ales a gran velocitat per alliberar pols altament t?xic a l\'aire.', 32.00, 1.10, 60, 45, 50, 90, 80, 70, 395),
(13, '../../IMG/Pokemons/013.png', '../../IMG/Pokemons/013.png', '../../IMG/Pokemons/013Shiny.png', '../../IMG/Pokemons/013Shiny.png', 'Weedle', 6, NULL, 'Sovint es troba als boscos, menjant fulles. T? un agull?s verin?s al cap.', 3.20, 0.30, 40, 35, 30, 20, 20, 50, 195),
(14, '../../IMG/Pokemons/014.png', '../../IMG/Pokemons/014.png', '../../IMG/Pokemons/014Shiny.png', '../../IMG/Pokemons/014Shiny.png', 'Kakuna', 6, NULL, 'Gaireb? incapa? de moure\'s, aquest pokemon nom?s pot endurir la seva closca per protegir-se dels depredadors.', 10.00, 0.60, 45, 25, 50, 25, 25, 35, 205),
(15, '../../IMG/Pokemons/015.png', '../../IMG/Pokemons/015.png', '../../IMG/Pokemons/015Shiny.png', '../../IMG/Pokemons/015Shiny.png', 'Beedrill', 6, 7, 'Vola a gran velocitat i ataca utilitzant els seus grans agull?s verinosos a les seves potes davanteres i la cua.', 29.50, 1.00, 65, 95, 40, 45, 85, 75, 395),
(16, '../../IMG/Pokemons/016.png', '../../IMG/Pokemons/016.png', '../../IMG/Pokemons/016Shiny.png', '../../IMG/Pokemons/016Shiny.png', 'Pidgey', 1, 15, 'Una visi? habitual als boscos i boscos. Bateja les ales a nivell del terra per aixecar la sorra encegadora.', 1.80, 0.30, 40, 45, 40, 35, 35, 56, 251),
(17, '../../IMG/Pokemons/017.png', '../../IMG/Pokemons/017.png', '../../IMG/Pokemons/017Shiny.png', '../../IMG/Pokemons/017Shiny.png', 'Pidgeotto', 1, 15, 'Molt protector de la seva extensa ?rea territorial, aquest pokemon picotar? ferotgement qualsevol intr?s.', 30.00, 1.10, 63, 60, 55, 50, 50, 71, 349),
(18, '../../IMG/Pokemons/018.png', '../../IMG/Pokemons/018.png', '../../IMG/Pokemons/018Shiny.png', '../../IMG/Pokemons/018Shiny.png', 'Pidgeot', 1, 15, 'Quan ca?a, recorre la superf?cie de l\'aigua a gran velocitat per agafar preses incautades com ara magikarp.', 39.50, 1.50, 83, 80, 75, 70, 70, 101, 479),
(19, '../../IMG/Pokemons/019M.png', '../../IMG/Pokemons/019F.png', '../../IMG/Pokemons/019MShiny.png', '../../IMG/Pokemons/019FShiny.png', 'Rattata', 1, NULL, 'Mossega qualsevol cosa quan ataca. Petit i molt r?pid, ?s com? a molts llocs.', 3.50, 0.30, 30, 56, 35, 25, 35, 72, 253),
(20, '../../IMG/Pokemons/020M.png', '../../IMG/Pokemons/020F.png', '../../IMG/Pokemons/020MShiny.png', '../../IMG/Pokemons/020FShiny.png', 'Raticate', 1, NULL, 'Utilitza els seus bigotis per mantenir l\'equilibri. Sembla que s\'alenteix si es tallen.', 18.50, 0.70, 55, 81, 60, 50, 70, 97, 413),
(21, '../../IMG/Pokemons/024.png', '../../IMG/Pokemons/024.png', '../../IMG/Pokemons/024Shiny.png', '../../IMG/Pokemons/024Shiny.png', 'Spearow', 1, 15, 'Menja insectes a les zones herbades. Ha de batre les seves ales curtes a gran velocitat per mantenir-se en l\'aire.', 2.00, 0.30, 40, 60, 30, 31, 31, 70, 262),
(22, '../../IMG/Pokemons/024.png', '../../IMG/Pokemons/024.png', '../../IMG/Pokemons/024Shiny.png', '../../IMG/Pokemons/024Shiny.png', 'Fearow', 1, 15, 'Amb les seves enormes i magn?fiques ales, pot mantenir-se en alt sense haver d\'aterrar mai per descansar.', 38.00, 1.20, 65, 90, 65, 61, 61, 100, 442),
(23, '../../IMG/Pokemons/023.png', '../../IMG/Pokemons/023.png', '../../IMG/Pokemons/023Shiny.png', '../../IMG/Pokemons/023Shiny.png', 'Ekans', 7, NULL, 'Es mou en silenci i sigil?losament. Menja els ous dels ocells, com el pidgey i el llanc, sencers.', 6.90, 2.00, 35, 60, 44, 40, 54, 55, 208),
(24, '../../IMG/Pokemons/024.png', '../../IMG/Pokemons/024.png', '../../IMG/Pokemons/024Shiny.png', '../../IMG/Pokemons/024Shiny.png', 'Arbok', 7, NULL, 'Es rumoreja que les ferotges marques d\'advert?ncia al seu ventre difereixen d\'una zona a una altra.', 65.00, 3.50, 60, 95, 69, 65, 79, 80, 448),
(25, '../../IMG/Pokemons/025M.png', '../../IMG/Pokemons/025F.png', '../../IMG/Pokemons/025MShiny.png', '../../IMG/Pokemons/025FShiny.png', 'Pikachu', 10, NULL, 'Quan es reuneixen diversos d\'aquests pokemons, la seva electricitat podria generar-se i provocar tempestes.', 6.00, 0.40, 35, 55, 40, 50, 50, 90, 320),
(26, '../../IMG/Pokemons/026M.png', '../../IMG/Pokemons/026F.png', '../../IMG/Pokemons/026MShiny.png', '../../IMG/Pokemons/026FShiny.png', 'Raichu', 10, NULL, 'La seva llarga cua serveix com a terra per protegir-se de la seva pr?pia pot?ncia d\'alta tensi?.', 30.00, 0.80, 60, 90, 55, 90, 80, 110, 485),
(27, '../../IMG/Pokemons/027.png', '../../IMG/Pokemons/027.png', '../../IMG/Pokemons/027Shiny.png', '../../IMG/Pokemons/027Shiny.png', 'Sandshrew', 14, NULL, 'S\'enterra profundament sota terra en llocs ?rids lluny de l\'aigua. Nom?s sorgeix per ca?ar menjar.', 12.00, 0.60, 50, 75, 85, 20, 30, 40, 300),
(28, '../../IMG/Pokemons/028.png', '../../IMG/Pokemons/028.png', '../../IMG/Pokemons/028Shiny.png', '../../IMG/Pokemons/028Shiny.png', 'Sandslash', 14, NULL, 'S\'enrosca en una bola espinosa quan est? amena?at. Pot rodar mentre est? arrossegat per atacar o escapar.', 29.50, 1.00, 75, 100, 110, 45, 55, 65, 450),
(29, '../../IMG/Pokemons/029.png', '../../IMG/Pokemons/029.png', '../../IMG/Pokemons/029Shiny.png', '../../IMG/Pokemons/029Shiny.png', 'NidoranF', 7, NULL, 'Tot i que petit, les seves punxes verinoses fan que aquest pokemon sigui perill?s. La femella t? banyes m?s petites.', 7.00, 0.40, 55, 47, 52, 40, 40, 41, 275),
(30, '../../IMG/Pokemons/030.png', '../../IMG/Pokemons/030.png', '../../IMG/Pokemons/030Shiny.png', '../../IMG/Pokemons/030Shiny.png', 'Nidorina', 7, NULL, 'La banya de la femella es desenvolupa lentament. Prefereix atacs f?sics com ara picar i mossegar.', 20.00, 0.80, 70, 62, 67, 55, 55, 56, 365),
(31, '../../IMG/Pokemons/031.png', '../../IMG/Pokemons/031.png', '../../IMG/Pokemons/031Shiny.png', '../../IMG/Pokemons/031Shiny.png', 'Nidoqueen', 7, 14, 'Les seves escates dures proporcionen una forta protecci?. Utilitza el seu gran volum per executar moviments potents.', 60.00, 1.30, 90, 92, 87, 75, 85, 76, 505),
(32, '../../IMG/Pokemons/032.png', '../../IMG/Pokemons/032.png', '../../IMG/Pokemons/032Shiny.png', '../../IMG/Pokemons/032Shiny.png', 'NidoranM', 7, NULL, 'Endureix les orelles per sentir el perill. Com m?s grans s?n les seves banyes, m?s potent ?s el seu ver? secretat.', 9.00, 0.50, 46, 57, 40, 40, 40, 50, 273),
(33, '../../IMG/Pokemons/033.png', '../../IMG/Pokemons/033.png', '../../IMG/Pokemons/033Shiny.png', '../../IMG/Pokemons/033Shiny.png', 'Nidorino', 7, NULL, 'Un Pok?mon agressiu que ataca r?pidament. La banya del seu cap secreta un ver? poder?s.', 19.50, 0.90, 61, 72, 57, 55, 55, 65, 365),
(34, '../../IMG/Pokemons/034.png', '../../IMG/Pokemons/034.png', '../../IMG/Pokemons/034Shiny.png', '../../IMG/Pokemons/034Shiny.png', 'Nidoking', 7, 14, 'Utilitza la seva poderosa cua a la batalla per aixafar, restringir i despr?s trencar els ossos de la presa.', 62.00, 1.40, 81, 102, 77, 85, 75, 85, 505),
(35, '../../IMG/Pokemons/035.png', '../../IMG/Pokemons/035.png', '../../IMG/Pokemons/035Shiny.png', '../../IMG/Pokemons/035Shiny.png', 'Clefairy', 1, NULL, 'El seu atractiu m?gic i simp?tic t? molts admiradors. ?s rar i nom?s es troba en determinades zones.', 7.50, 0.60, 70, 45, 48, 60, 65, 35, 323),
(36, '../../IMG/Pokemons/036.png', '../../IMG/Pokemons/036.png', '../../IMG/Pokemons/036Shiny.png', '../../IMG/Pokemons/036Shiny.png', 'Clefable', 1, NULL, 'Un pokemon de fades t?mids que rarament es veu. Correr? i s\'amagar? en el moment en qu? senti la gent.', 40.00, 1.30, 95, 70, 73, 95, 90, 60, 483),
(37, '../../IMG/Pokemons/037.png', '../../IMG/Pokemons/037.png', '../../IMG/Pokemons/037Shiny.png', '../../IMG/Pokemons/037Shiny.png', 'Vulpix', 3, NULL, 'En el moment del naixement, nom?s t? una cua. La cua es divideix de la punta a mesura que envelleix.', 9.90, 0.60, 38, 41, 10, 50, 65, 65, 299),
(38, '../../IMG/Pokemons/038.png', '../../IMG/Pokemons/038.png', '../../IMG/Pokemons/038Shiny.png', '../../IMG/Pokemons/038Shiny.png', 'Ninetales', 3, NULL, 'Molt intel?ligent i molt venjatiu. Agafar una de les seves moltes cues podria resultar en una maledicci? de 1000 anys.', 19.90, 1.10, 73, 76, 75, 81, 100, 100, 505),
(39, '../../IMG/Pokemons/039.png', '../../IMG/Pokemons/039.png', '../../IMG/Pokemons/039Shiny.png', '../../IMG/Pokemons/039Shiny.png', 'Jigglypuff', 1, NULL, 'Quan els seus enormes ulls s\'il?luminen, canta una melodia misteriosament tranquil?litzant que fa dormir els seus enemics.', 5.50, 0.50, 115, 45, 20, 45, 25, 20, 270),
(40, '../../IMG/Pokemons/040.png', '../../IMG/Pokemons/040.png', '../../IMG/Pokemons/040Shiny.png', '../../IMG/Pokemons/040Shiny.png', 'Wigglytuff', 1, NULL, 'El cos ?s suau i gomoso. Quan s\'enfada, aspirar? aire i s\'inflar? fins a una mida enorme.', 12.00, 1.00, 140, 70, 45, 85, 50, 45, 435),
(41, '../../IMG/Pokemons/041M.png', '../../IMG/Pokemons/041F.png', '../../IMG/Pokemons/041MShiny.png', '../../IMG/Pokemons/041FShiny.png', 'Zubat', 7, 15, 'Forma col?nies en llocs perp?tuament foscos. Utilitza ones ultras?niques per identificar i apropar-se a objectius.', 7.50, 0.80, 40, 45, 35, 30, 40, 55, 245),
(42, '../../IMG/Pokemons/042M.png', '../../IMG/Pokemons/042F.png', '../../IMG/Pokemons/042MShiny.png', '../../IMG/Pokemons/042FShiny.png', 'Golbat', 7, 15, 'Un cop colpeja, no deixar? d\'esgotar l\'energia de la v?ctima fins i tot si es fa massa pesada per volar.', 55.00, 1.60, 75, 80, 70, 65, 75, 90, 455),
(43, '../../IMG/Pokemons/043.png', '../../IMG/Pokemons/043.png', '../../IMG/Pokemons/043Shiny.png', '../../IMG/Pokemons/043Shiny.png', 'Oddish', 2, 7, 'Durant el dia, mant? la cara enterrada a terra. A la nit, es passeja sembrant les seves llavors.', 5.40, 0.50, 45, 50, 55, 75, 65, 30, 320),
(44, '../../IMG/Pokemons/044M.png', '../../IMG/Pokemons/044F.png', '../../IMG/Pokemons/044MShiny.png', '../../IMG/Pokemons/044FShiny.png', 'Gloom', 2, 7, 'El l?quid que brolla de la seva boca no ?s bava. ?s un n?ctar que serveix per atraure preses.', 8.60, 0.80, 60, 65, 70, 85, 75, 40, 395),
(45, '../../IMG/Pokemons/045M.png', '../../IMG/Pokemons/045F.png', '../../IMG/Pokemons/045MShiny.png', '../../IMG/Pokemons/045FShiny.png', 'Vileplume', 2, 7, 'Com m?s grans s?n els seus p?tals, m?s pol?len t?xic cont?. El seu gran cap ?s pesat i dif?cil d\'aguantar.', 18.60, 1.20, 75, 80, 85, 110, 90, 50, 490),
(46, '../../IMG/Pokemons/046.png', '../../IMG/Pokemons/046.png', '../../IMG/Pokemons/046Shiny.png', '../../IMG/Pokemons/046Shiny.png', 'Paras', 6, 2, 'Caus per xuclar les arrels dels arbres. Els bolets de l\'esquena creixen agafant nutrients de l\'hoste d\'insectes.', 5.40, 0.30, 35, 70, 55, 45, 55, 25, 285),
(47, '../../IMG/Pokemons/047.png', '../../IMG/Pokemons/047.png', '../../IMG/Pokemons/047Shiny.png', '../../IMG/Pokemons/047Shiny.png', 'Parasect', 6, 2, 'Una parella hoste-par?sit en qu? el bolet par?sit s\'ha apoderat de l\'error hoste. Prefereix llocs humits.', 29.50, 1.00, 60, 95, 80, 60, 80, 30, 405),
(48, '../../IMG/Pokemons/048.png', '../../IMG/Pokemons/048.png', '../../IMG/Pokemons/048Shiny.png', '../../IMG/Pokemons/048Shiny.png', 'Venonat', 6, 7, 'Viu a l\'ombra dels arbres alts on menja insectes. A la nit l\'atreu la llum.', 30.00, 1.00, 60, 55, 50, 40, 55, 45, 305),
(49, '../../IMG/Pokemons/049.png', '../../IMG/Pokemons/049.png', '../../IMG/Pokemons/049Shiny.png', '../../IMG/Pokemons/049Shiny.png', 'Venomoth', 6, 7, 'Les escates semblants a la pols que cobreixen les seves ales estan codificades per colors per indicar els tipus de ver? que t?.', 12.50, 1.50, 70, 65, 60, 90, 75, 90, 450),
(50, '../../IMG/Pokemons/050.png', '../../IMG/Pokemons/050.png', '../../IMG/Pokemons/050Shiny.png', '../../IMG/Pokemons/050Shiny.png', 'Diglett', 14, NULL, 'Viu a uns metres sota terra on s\'alimenta de les arrels de les plantes. De vegades apareix per sobre del s?l.', 0.80, 0.20, 10, 55, 25, 35, 45, 95, 265),
(51, '../../IMG/Pokemons/051.png', '../../IMG/Pokemons/051.png', '../../IMG/Pokemons/051Shiny.png', '../../IMG/Pokemons/051Shiny.png', 'Dugtrio', 14, NULL, 'Un equip de tres bessons diglett. Desencadena grans terratr?mols en excavar 60 milles sota terra.', 33.30, 0.70, 35, 10, 50, 50, 70, 120, 425),
(52, '../../IMG/Pokemons/052.png', '../../IMG/Pokemons/052.png', '../../IMG/Pokemons/052Shiny.png', '../../IMG/Pokemons/052Shiny.png', 'Meowth', 1, NULL, 'Li encanta els objectes circulars. Vaga pels carrers cada nit per buscar canvis solts.', 4.20, 0.40, 40, 45, 35, 40, 40, 90, 290),
(53, '../../IMG/Pokemons/053.png', '../../IMG/Pokemons/053.png', '../../IMG/Pokemons/053Shiny.png', '../../IMG/Pokemons/053Shiny.png', 'Persian', 1, NULL, 'Tot i que la seva pell t? molts admiradors, ?s dif?cil de criar com a mascota a causa de la seva mesquinesa voluble.', 32.00, 1.00, 65, 70, 60, 65, 65, 115, 440),
(54, '../../IMG/Pokemons/054.png', '../../IMG/Pokemons/054.png', '../../IMG/Pokemons/054Shiny.png', '../../IMG/Pokemons/054Shiny.png', 'Psyduck', 4, NULL, 'Mentre arrulla els seus enemics amb el seu aspecte buit, aquest pokemon astut utilitzar? poders psicocin?tics.', 19.60, 0.80, 50, 52, 48, 65, 50, 55, 320),
(55, '../../IMG/Pokemons/055.png', '../../IMG/Pokemons/055.png', '../../IMG/Pokemons/055Shiny.png', '../../IMG/Pokemons/055Shiny.png', 'Golduck', 4, NULL, 'Sovint es veu nedant elegantment a la vora del llac. Sovint es confon amb el monstre japon?s Kappa.', 76.60, 1.70, 80, 82, 78, 95, 80, 85, 500),
(56, '../../IMG/Pokemons/056.png', '../../IMG/Pokemons/056.png', '../../IMG/Pokemons/056Shiny.png', '../../IMG/Pokemons/056Shiny.png', 'Mankey', 5, NULL, 'Extremadament r?pid a la ira. Podria ser d?cil en un moment i despr?s batre\'s l\'instant seg?ent.', 28.00, 0.50, 40, 80, 35, 35, 45, 70, 305),
(57, '../../IMG/Pokemons/057.png', '../../IMG/Pokemons/057.png', '../../IMG/Pokemons/057Shiny.png', '../../IMG/Pokemons/057Shiny.png', 'Primeape', 5, NULL, 'Sempre furi?s i tena? per arrencar. No abandonar? la persecuci? de la seva pedrera fins que no sigui atrapada.', 32.00, 1.00, 65, 105, 60, 60, 70, 95, 455),
(58, '../../IMG/Pokemons/058.png', '../../IMG/Pokemons/058.png', '../../IMG/Pokemons/058Shiny.png', '../../IMG/Pokemons/058Shiny.png', 'Growlithe', 3, NULL, 'Molt protector del seu territori. Lladrar? i mossegar? per repel?lir els intrusos del seu espai.', 19.00, 0.70, 55, 70, 45, 70, 50, 60, 350),
(59, '../../IMG/Pokemons/059.png', '../../IMG/Pokemons/059.png', '../../IMG/Pokemons/059Shiny.png', '../../IMG/Pokemons/059Shiny.png', 'Arcanine', 3, NULL, 'Un Pok?mon que ha estat admirat des del passat per la seva bellesa. Corre amb ?gilitat com si fos amb ales.', 155.00, 1.90, 90, 110, 80, 100, 80, 95, 555),
(60, '../../IMG/Pokemons/060.png', '../../IMG/Pokemons/060.png', '../../IMG/Pokemons/060Shiny.png', '../../IMG/Pokemons/060Shiny.png', 'Poliwag', 4, NULL, 'Les seves potes acabades de cr?ixer li impedeixen c?rrer. Sembla que prefereix nedar que intentar mantenir-se dret.', 10.40, 0.60, 40, 50, 40, 40, 40, 90, 300),
(61, '../../IMG/Pokemons/061.png', '../../IMG/Pokemons/061.png', '../../IMG/Pokemons/061Shiny.png', '../../IMG/Pokemons/061Shiny.png', 'Poliwhirl', 4, NULL, 'Capa? de viure dins o fora de l\'aigua. Quan est? fora de l\'aigua, sua per mantenir el seu cos viscosa.', 20.00, 1.00, 65, 65, 65, 50, 50, 90, 385),
(62, '../../IMG/Pokemons/062.png', '../../IMG/Pokemons/062.png', '../../IMG/Pokemons/062Shiny.png', '../../IMG/Pokemons/062Shiny.png', 'Poliwrath', 4, 5, 'Un nedador expert tant en el crol frontal com en la bra?a de pit. Supera f?cilment els millors nedadors humans.', 54.00, 1.30, 90, 95, 95, 70, 90, 70, 510),
(63, '../../IMG/Pokemons/063.png', '../../IMG/Pokemons/063.png', '../../IMG/Pokemons/063Shiny.png', '../../IMG/Pokemons/063Shiny.png', 'Abra', 8, NULL, 'Utilitzant la seva habilitat per llegir la ment, identificar? el perill imminent i es teletransportar? a un lloc segur.', 19.50, 0.90, 25, 20, 15, 105, 55, 90, 310),
(64, '../../IMG/Pokemons/064M.png', '../../IMG/Pokemons/064F.png', '../../IMG/Pokemons/064MShiny.png', '../../IMG/Pokemons/064FShiny.png', 'Kadabra', 8, NULL, 'Emet ones alfa especials del seu cos que indueixen mal de cap nom?s per estar a prop.', 65.50, 1.30, 40, 35, 30, 120, 70, 105, 400),
(65, '../../IMG/Pokemons/065M.png', '../../IMG/Pokemons/065F.png', '../../IMG/Pokemons/065MShiny.png', '../../IMG/Pokemons/065FShiny.png', 'Alakazam', 8, NULL, 'El seu cervell pot superar un superordinador. Es diu que el seu quocient d\'intel?lig?ncia ?s de 5.000.', 48.00, 1.50, 55, 50, 45, 135, 95, 120, 500),
(66, '../../IMG/Pokemons/066.png', '../../IMG/Pokemons/066.png', '../../IMG/Pokemons/066Shiny.png', '../../IMG/Pokemons/066Shiny.png', 'Machop', 5, NULL, 'Li encanta construir els seus m?sculs. Entrena en tots els estils d\'arts marcials per fer-se encara m?s fort.', 19.50, 0.80, 70, 80, 50, 35, 35, 35, 305),
(67, '../../IMG/Pokemons/067.png', '../../IMG/Pokemons/067.png', '../../IMG/Pokemons/067Shiny.png', '../../IMG/Pokemons/067Shiny.png', 'Machoke', 5, NULL, 'El seu cos muscul?s ?s tan potent que ha de portar un cintur? d\'estalvi d\'energia per poder regular els seus moviments.', 70.50, 1.50, 80, 100, 70, 50, 60, 45, 405),
(68, '../../IMG/Pokemons/068.png', '../../IMG/Pokemons/068.png', '../../IMG/Pokemons/068Shiny.png', '../../IMG/Pokemons/068Shiny.png', 'Machamp', 5, NULL, 'Utilitzant els seus m?sculs pesats, llan?a cops potents que poden enviar la v?ctima fora de l\'horitz?.', 130.00, 1.60, 90, 130, 80, 65, 85, 55, 505),
(69, '../../IMG/Pokemons/069.png', '../../IMG/Pokemons/069.png', '../../IMG/Pokemons/069Shiny.png', '../../IMG/Pokemons/069Shiny.png', 'Bellsprout', 2, 7, 'Un pokemon carn?vor que atrapa i menja insectes. Utilitza els seus peus d\'arrel per absorbir la humitat necess?ria.', 4.00, 0.70, 50, 75, 35, 70, 30, 40, 390),
(70, '../../IMG/Pokemons/070.png', '../../IMG/Pokemons/070.png', '../../IMG/Pokemons/070Shiny.png', '../../IMG/Pokemons/070Shiny.png', 'Weepinbell', 2, 7, 'Escup poder ver? per immobilitzar l\'enemic i despr?s l\'acaba amb un esprai d\'?cid.', 6.40, 1.00, 65, 90, 50, 85, 45, 55, 390),
(71, '../../IMG/Pokemons/071.png', '../../IMG/Pokemons/071.png', '../../IMG/Pokemons/071Shiny.png', '../../IMG/Pokemons/071Shiny.png', 'Victreebel', 2, 7, '', 15.50, 1.70, 80, 105, 65, 100, 70, 70, 490),
(72, '../../IMG/Pokemons/072.png', '../../IMG/Pokemons/072.png', '../../IMG/Pokemons/072Shiny.png', '../../IMG/Pokemons/072Shiny.png', 'Tentacool', 4, 7, 'Deriva en mars poc profunds. Els pescadors que els enganxen per accident sovint s?n castigats pel seu ?cid urticant.', 45.50, 0.90, 40, 40, 35, 50, 100, 70, 335),
(73, '../../IMG/Pokemons/073.png', '../../IMG/Pokemons/073.png', '../../IMG/Pokemons/073Shiny.png', '../../IMG/Pokemons/073Shiny.png', 'Tentacruel', 4, 7, 'Els tentacles normalment es mantenen curts. A la cacera, s\'estenen per atrapar i immobilitzar les preses.', 55.00, 1.60, 80, 70, 65, 80, 120, 100, 515),
(74, '../../IMG/Pokemons/074.png', '../../IMG/Pokemons/074.png', '../../IMG/Pokemons/074Shiny.png', '../../IMG/Pokemons/074Shiny.png', 'Geodude', 13, 14, 'Found in fields and mountains. Mistaking them for boulders, people often step or trip on them.', 20.00, 0.40, 40, 80, 100, 30, 30, 20, 300),
(75, '../../IMG/Pokemons/075.png', '../../IMG/Pokemons/075.png', '../../IMG/Pokemons/075Shiny.png', '../../IMG/Pokemons/075Shiny.png', 'Graveler', 13, 14, 'Rodolla per pendents per moure\'s. Roda per sobre de qualsevol obstacle sense frenar ni canviar de direcci?.', 105.00, 1.00, 55, 95, 115, 45, 45, 35, 390),
(76, '../../IMG/Pokemons/076.png', '../../IMG/Pokemons/076.png', '../../IMG/Pokemons/076Shiny.png', '../../IMG/Pokemons/076Shiny.png', 'Golem', 13, 14, 'El seu cos semblant a una roca ?s extremadament dur. Pot suportar f?cilment les explosions de dinamita sense danys.', 300.00, 1.40, 80, 120, 130, 55, 65, 45, 495),
(77, '../../IMG/Pokemons/077.png', '../../IMG/Pokemons/077.png', '../../IMG/Pokemons/077Shiny.png', '../../IMG/Pokemons/077Shiny.png', 'Ponyta', 3, NULL, 'Les seves pe?lles s?n 10 vegades m?s dures que els diamants. Pot trepitjar qualsevol cosa completament plana en poc temps.', 30.00, 1.00, 50, 85, 55, 65, 65, 90, 410),
(78, '../../IMG/Pokemons/078.png', '../../IMG/Pokemons/078.png', '../../IMG/Pokemons/078Shiny.png', '../../IMG/Pokemons/078Shiny.png', 'Rapidash', 3, NULL, 'Molt competitiu, aquest pokemon perseguir? qualsevol cosa que es mogui r?pidament amb l\'esperan?a de competir-hi.', 1.70, 95.00, 65, 100, 70, 80, 80, 105, 500),
(79, '../../IMG/Pokemons/079.png', '../../IMG/Pokemons/079.png', '../../IMG/Pokemons/079Shiny.png', '../../IMG/Pokemons/079Shiny.png', 'Slowpoke', 4, 8, 'Incre?blement lent i tonto. Es triga 5 segons a sentir dolor quan est? sota atac.', 36.00, 1.20, 90, 65, 65, 40, 40, 15, 315),
(80, '../../IMG/Pokemons/080.png', '../../IMG/Pokemons/080.png', '../../IMG/Pokemons/080Shiny.png', '../../IMG/Pokemons/080Shiny.png', 'Slowbro', 4, 8, 'Es diu que el shellder que s\'enganxa a la cua del slowpoke s\'alimenta de les restes de l\'amfitri?.', 78.50, 1.60, 95, 75, 110, 100, 80, 30, 490),
(81, '../../IMG/Pokemons/081.png', '../../IMG/Pokemons/081.png', '../../IMG/Pokemons/081Shiny.png', '../../IMG/Pokemons/081Shiny.png', 'Magnemite', 10, NULL, 'Utilitza l\'antigravetat per mantenir-se susp?s. Apareix sense av?s i utilitza ones de tro i moviments similars.', 6.00, 0.30, 25, 35, 70, 95, 55, 45, 325),
(82, '../../IMG/Pokemons/082.png', '../../IMG/Pokemons/082.png', '../../IMG/Pokemons/082Shiny.png', '../../IMG/Pokemons/082Shiny.png', 'Magneton', 10, NULL, 'Format per diverses magnetites unides entre si. Sovint apareixen quan les taques solars esclaten.', 60.00, 1.00, 50, 60, 95, 120, 70, 70, 465),
(83, '../../IMG/Pokemons/083.png', '../../IMG/Pokemons/083.png', '../../IMG/Pokemons/083Shiny.png', '../../IMG/Pokemons/083Shiny.png', 'Farfetch\'d', 1, 15, 'La branca de ceba verde que sost? ?s la seva arma. S\'utilitza com una espasa de metall.', 15.00, 0.80, 52, 90, 55, 58, 62, 60, 377),
(84, '../../IMG/Pokemons/084M.png', '../../IMG/Pokemons/084F.png', '../../IMG/Pokemons/084MShiny.png', '../../IMG/Pokemons/084FShiny.png', 'Doduo', 1, 15, 'Un ocell que compensa el seu mal vol amb la seva r?pida velocitat de peu. Deixa petjades gegants.', 39.20, 1.40, 35, 85, 45, 35, 35, 75, 310),
(85, '../../IMG/Pokemons/085M.png', '../../IMG/Pokemons/085F.png', '../../IMG/Pokemons/085MShiny.png', '../../IMG/Pokemons/085FShiny.png', 'Dodrio', 1, 15, 'Utilitza els seus tres cervells per executar plans complexos. Mentre dos caps dormen, un cap es mant? despert.', 85.20, 1.80, 60, 110, 70, 60, 60, 110, 470),
(86, '../../IMG/Pokemons/086.png', '../../IMG/Pokemons/086.png', '../../IMG/Pokemons/086Shiny.png', '../../IMG/Pokemons/086Shiny.png', 'Seel', 4, NULL, 'La banya que sobresurt del seu cap ?s molt dura. S\'utilitza per colpejar gel gruixut.', 90.00, 1.10, 65, 45, 55, 45, 70, 45, 325),
(87, '../../IMG/Pokemons/087.png', '../../IMG/Pokemons/087.png', '../../IMG/Pokemons/087Shiny.png', '../../IMG/Pokemons/087Shiny.png', 'Dewgong', 4, 11, 'Emmagatzema energia t?rmica al seu cos. Neda a 8 nusos constants fins i tot en aig?es molt fredes.', 120.00, 1.70, 90, 70, 80, 70, 95, 70, 475),
(88, '../../IMG/Pokemons/088.png', '../../IMG/Pokemons/088.png', '../../IMG/Pokemons/088Shiny.png', '../../IMG/Pokemons/088Shiny.png', 'Grimer', 7, NULL, 'Apareix en zones brutes. Prospera aspirant els fangs contaminats que es bombegen fora de les f?briques.', 30.00, 0.90, 80, 80, 50, 40, 50, 25, 325),
(89, '../../IMG/Pokemons/089.png', '../../IMG/Pokemons/089.png', '../../IMG/Pokemons/089Shiny.png', '../../IMG/Pokemons/089Shiny.png', 'Muk', 7, NULL, 'Coberta gruixuda d\'un fang brut i vil. ?s tan t?xic que fins i tot les seves petjades contenen ver?.', 30.00, 1.20, 105, 105, 75, 65, 100, 50, 500),
(90, '../../IMG/Pokemons/090.png', '../../IMG/Pokemons/090.png', '../../IMG/Pokemons/090Shiny.png', '../../IMG/Pokemons/090Shiny.png', 'Shellder', 4, NULL, 'La seva closca dura repel?leix qualsevol tipus d\'atac. ?s vulnerable nom?s quan la seva closca est? oberta.', 4.00, 0.30, 30, 65, 100, 45, 25, 40, 305),
(91, '../../IMG/Pokemons/091.png', '../../IMG/Pokemons/091.png', '../../IMG/Pokemons/091Shiny.png', '../../IMG/Pokemons/091Shiny.png', 'Cloyster', 4, 11, 'Quan ?s atacat, llan?a les seves banyes en r?pides volees. Les seves entranyes no s\'han vist mai.', 132.50, 1.50, 50, 95, 180, 85, 45, 70, 525),
(92, '../../IMG/Pokemons/092.png', '../../IMG/Pokemons/092.png', '../../IMG/Pokemons/092Shiny.png', '../../IMG/Pokemons/092Shiny.png', 'Gastly', 9, 7, 'Gaireb? invisible, aquest pokemon gas?s amaga l\'objectiu i l\'adorm sense previ av?s.', 0.10, 1.30, 30, 35, 30, 100, 35, 80, 310),
(93, '../../IMG/Pokemons/093.png', '../../IMG/Pokemons/093.png', '../../IMG/Pokemons/093Shiny.png', '../../IMG/Pokemons/093Shiny.png', 'Haunter', 9, 7, 'A causa de la seva capacitat per lliscar per les parets de blocs, es diu que ?s d\'una altra dimensi?.', 0.10, 1.60, 45, 50, 45, 115, 55, 95, 405),
(94, '../../IMG/Pokemons/094.png', '../../IMG/Pokemons/094.png', '../../IMG/Pokemons/094Shiny.png', '../../IMG/Pokemons/094Shiny.png', 'Gengar', 9, 7, 'Sota la lluna plena, a aquest pokemon li agrada imitar les ombres de la gent i riure\'s del seu ensurt.', 40.50, 1.50, 60, 65, 60, 130, 75, 110, 500),
(95, '../../IMG/Pokemons/095.png', '../../IMG/Pokemons/095.png', '../../IMG/Pokemons/095Shiny.png', '../../IMG/Pokemons/095Shiny.png', 'Onix', 13, 14, 'A mesura que creix, les parts de pedra del seu cos s\'endureixen per convertir-se en semblants a un diamant, per? de color negre.', 210.00, 8.80, 35, 45, 160, 30, 45, 70, 385),
(96, '../../IMG/Pokemons/096.png', '../../IMG/Pokemons/096.png', '../../IMG/Pokemons/096Shiny.png', '../../IMG/Pokemons/096Shiny.png', 'Drowzee', 8, NULL, 'Dorm els enemics i es menja els seus somnis. De tant en tant es posa malalt per menjar mals somnis.', 32.40, 1.00, 60, 48, 45, 43, 90, 42, 328),
(97, '../../IMG/Pokemons/097M.png', '../../IMG/Pokemons/097F.png', '../../IMG/Pokemons/097MShiny.png', '../../IMG/Pokemons/097FShiny.png', 'Hypno', 8, NULL, 'Quan tanca els ulls amb un enemic, utilitzar? una barreja de moviments PSI com la hipnosi i la confusi?.', 75.60, 1.60, 85, 73, 70, 73, 115, 67, 483),
(98, '../../IMG/Pokemons/098.png', '../../IMG/Pokemons/098.png', '../../IMG/Pokemons/098Shiny.png', '../../IMG/Pokemons/098Shiny.png', 'Krabby', 4, NULL, 'Les seves pinces no nom?s s?n armes poderoses, sin? que s\'utilitzen per a l\'equilibri quan es camina de costat.', 6.50, 0.40, 30, 105, 90, 25, 25, 50, 325),
(99, '../../IMG/Pokemons/099.png', '../../IMG/Pokemons/099.png', '../../IMG/Pokemons/099Shiny.png', '../../IMG/Pokemons/099Shiny.png', 'Kingler', 4, NULL, 'La pin?a gran t? 10.000 CV de pot?ncia de trituraci?. Tanmateix, la seva gran mida fa que sigui dif?cil d\'utilitzar.', 60.00, 1.30, 55, 130, 115, 50, 50, 75, 475),
(100, '../../IMG/Pokemons/100.png', '../../IMG/Pokemons/100.png', '../../IMG/Pokemons/100Shiny.png', '../../IMG/Pokemons/100Shiny.png', 'Voltorb', 10, NULL, 'Normalment es troba a les centrals el?ctriques. F?cilment conf?s amb una pokeball, han arru?nat molta gent.', 10.40, 0.50, 40, 30, 50, 55, 55, 100, 330),
(101, '../../IMG/Pokemons/101.png', '../../IMG/Pokemons/101.png', '../../IMG/Pokemons/101Shiny.png', '../../IMG/Pokemons/101Shiny.png', 'Electrode', 10, NULL, 'Emmagatzema energia el?ctrica a molt alta pressi?. Sovint explota amb poca o cap provocaci?.', 66.60, 1.20, 60, 50, 70, 80, 80, 150, 490),
(102, '../../IMG/Pokemons/102.png', '../../IMG/Pokemons/102.png', '../../IMG/Pokemons/102Shiny.png', '../../IMG/Pokemons/102Shiny.png', 'Exeggcute', 2, 8, 'Sovint es confon amb ous. Quan els molesten, s\'apleguen r?pidament i ataquen en eixams.', 2.50, 0.40, 60, 40, 80, 60, 45, 40, 325),
(103, '../../IMG/Pokemons/103.png', '../../IMG/Pokemons/103.png', '../../IMG/Pokemons/103Shiny.png', '../../IMG/Pokemons/103Shiny.png', 'Exeggutor', 2, 8, 'La llegenda diu que en rares ocasions, un dels seus caps baixar? i continuar? com un exeggcute.', 120.00, 2.00, 95, 95, 85, 125, 75, 55, 530),
(104, '../../IMG/Pokemons/104.png', '../../IMG/Pokemons/104.png', '../../IMG/Pokemons/104Shiny.png', '../../IMG/Pokemons/104Shiny.png', 'Cubone', 14, NULL, 'Com que no es treu mai el casc de la calavera, ning? no ha vist mai la cara real d\'aquest pokemon.', 6.50, 0.40, 50, 50, 95, 45, 50, 35, 320),
(105, '../../IMG/Pokemons/105.png', '../../IMG/Pokemons/105.png', '../../IMG/Pokemons/105Shiny.png', '../../IMG/Pokemons/105Shiny.png', 'Marowak', 14, NULL, 'L\'os que sost? ?s la seva arma clau. Llan?a l\'os amb habilitat com un bumerang per fer KO objectius.', 45.00, 1.00, 60, 80, 110, 50, 80, 45, 425),
(106, '../../IMG/Pokemons/106.png', '../../IMG/Pokemons/106.png', '../../IMG/Pokemons/106Shiny.png', '../../IMG/Pokemons/106Shiny.png', 'Hitmonlee', 5, NULL, 'Quan t? pressa, les seves cames s\'allargan progressivament. Funciona sense problemes amb passos extra llargs i llaurats.', 49.80, 1.50, 50, 120, 53, 35, 110, 87, 455),
(107, '../../IMG/Pokemons/107.png', '../../IMG/Pokemons/107.png', '../../IMG/Pokemons/107Shiny.png', '../../IMG/Pokemons/107Shiny.png', 'Hitmonchan', 5, NULL, 'Tot i que aparentment no fa res, dispara cops en volees r?pides com un llamp que s?n impossibles de veure.', 50.20, 1.40, 50, 105, 79, 35, 110, 76, 455),
(108, '../../IMG/Pokemons/108.png', '../../IMG/Pokemons/108.png', '../../IMG/Pokemons/108Shiny.png', '../../IMG/Pokemons/108Shiny.png', 'Lickitung', 1, NULL, 'La seva llengua es pot estendre com la d\'un camale?. Deixa una sensaci? de formigueig quan llepa els enemics.', 35.50, 1.20, 90, 55, 75, 60, 75, 30, 385),
(109, '../../IMG/Pokemons/109.png', '../../IMG/Pokemons/109.png', '../../IMG/Pokemons/109Shiny.png', '../../IMG/Pokemons/109Shiny.png', 'Koffing', 7, NULL, 'Com que emmagatzema diversos tipus de gasos t?xics al seu cos, ?s propens a explotar sense previ av?s.', 1.00, 0.60, 40, 65, 95, 60, 45, 35, 340),
(110, '../../IMG/Pokemons/110.png', '../../IMG/Pokemons/110.png', '../../IMG/Pokemons/110Shiny.png', '../../IMG/Pokemons/110Shiny.png', 'Weezing', 7, NULL, 'All? on es troben dos tipus de gasos verinosos, 2 koffings es poden fusionar en una escarba durant molts anys.', 9.50, 1.20, 65, 90, 120, 85, 75, 65, 490),
(111, '../../IMG/Pokemons/111M.png', '../../IMG/Pokemons/111F.png', '../../IMG/Pokemons/111MShiny.png', '../../IMG/Pokemons/111FShiny.png', 'Rhyhorn', 14, 13, 'Els seus ossos massius s?n 1000 vegades m?s durs que els ossos humans. Pot colpejar f?cilment un remolc volant.', 115.00, 1.00, 80, 85, 95, 30, 30, 25, 345),
(112, '../../IMG/Pokemons/112M.png', '../../IMG/Pokemons/112F.png', '../../IMG/Pokemons/112MShiny.png', '../../IMG/Pokemons/112FShiny.png', 'Rhydon', 14, 13, 'Protegit per una pell semblant a una armadura, ?s capa? de viure en lava fosa de 3.600 graus.', 120.00, 1.90, 105, 130, 120, 45, 45, 40, 485),
(113, '../../IMG/Pokemons/113.png', '../../IMG/Pokemons/113.png', '../../IMG/Pokemons/113Shiny.png', '../../IMG/Pokemons/113Shiny.png', 'Chansey', 1, NULL, 'Un pokemon rar i esquivat que es diu que porta felicitat a aquells que aconsegueixen aconseguir-ho.', 34.60, 1.10, 250, 5, 5, 35, 105, 50, 450),
(114, '../../IMG/Pokemons/114.png', '../../IMG/Pokemons/114.png', '../../IMG/Pokemons/114Shiny.png', '../../IMG/Pokemons/114Shiny.png', 'Tangela', 2, NULL, 'Tot el cos est? embolicat de vinyes amples semblants a les algues. Les seves vinyes tremolen mentre camina.', 35.00, 1.00, 65, 55, 115, 100, 45, 65, 435),
(115, '../../IMG/Pokemons/115.png', '../../IMG/Pokemons/115.png', '../../IMG/Pokemons/115Shiny.png', '../../IMG/Pokemons/115Shiny.png', 'Kangaskhan', 1, NULL, 'El nen rarament surt de la bossa protectora de la seva mare fins als 3 anys.', 80.00, 2.20, 105, 95, 85, 40, 85, 90, 490),
(116, '../../IMG/Pokemons/116.png', '../../IMG/Pokemons/116.png', '../../IMG/Pokemons/116Shiny.png', '../../IMG/Pokemons/116Shiny.png', 'Horsea', 4, NULL, 'Conegut per abatre els insectes voladors amb explosions de tinta de precisi? des de la superf?cie de l\'aigua.', 8.00, 0.40, 30, 40, 70, 70, 25, 60, 295),
(117, '../../IMG/Pokemons/117.png', '../../IMG/Pokemons/117.png', '../../IMG/Pokemons/117Shiny.png', '../../IMG/Pokemons/117Shiny.png', 'Seadra', 4, NULL, 'Capa? de nedar cap enrere movent r?pidament les seves aletes pectorals en forma d\'ala i la cua robusta.', 25.00, 1.20, 55, 65, 95, 95, 45, 85, 440),
(118, '../../IMG/Pokemons/118M.png', '../../IMG/Pokemons/118F.png', '../../IMG/Pokemons/118MShiny.png', '../../IMG/Pokemons/118FShiny.png', 'Goldeen', 4, NULL, 'La seva aleta caudal es mou com un vestit de ball elegant, donant-li el sobrenom de la reina de l\'aigua.', 15.00, 0.60, 45, 67, 60, 35, 50, 63, 320),
(119, '../../IMG/Pokemons/119M.png', '../../IMG/Pokemons/119F.png', '../../IMG/Pokemons/119MShiny.png', '../../IMG/Pokemons/119FShiny.png', 'Seaking', 4, NULL, 'A l\'?poca de posta de tardor, se\'ls pot veure nedant poderosament rius i rieres.', 39.00, 1.30, 80, 92, 65, 65, 80, 68, 450),
(120, '../../IMG/Pokemons/120.png', '../../IMG/Pokemons/120.png', '../../IMG/Pokemons/120Shiny.png', '../../IMG/Pokemons/120Shiny.png', 'Staryu', 4, NULL, 'Un Pok?mon enigm?tic que pot regenerar sense esfor? qualsevol ap?ndix que perdi a la batalla.', 34.50, 0.80, 30, 45, 55, 70, 55, 85, 340),
(121, '../../IMG/Pokemons/121.png', '../../IMG/Pokemons/121.png', '../../IMG/Pokemons/121Shiny.png', '../../IMG/Pokemons/121Shiny.png', 'Starmie', 4, 8, 'El seu nucli central brilla amb els set colors de l\'arc de Sant Mart?. Algunes persones valoren el nucli com una joia.', 80.00, 1.10, 60, 75, 85, 100, 85, 115, 520),
(122, '../../IMG/Pokemons/122.png', '../../IMG/Pokemons/122.png', '../../IMG/Pokemons/122Shiny.png', '../../IMG/Pokemons/122Shiny.png', 'Mr. Mime', 8, NULL, 'Si s\'interromp mentre est? fent m?mica, donar? una bufetada al delinq?ent amb les seves mans amples.', 54.50, 1.30, 40, 45, 6, 100, 120, 90, 460),
(123, '../../IMG/Pokemons/123M.png', '../../IMG/Pokemons/123F.png', '../../IMG/Pokemons/123MShiny.png', '../../IMG/Pokemons/123FShiny.png', 'Scyther', 6, 15, 'Amb agilitat i velocitat semblants als ninja, pot crear la il?lusi? que n\'hi ha m?s d\'un.', 56.00, 1.50, 70, 110, 80, 55, 80, 105, 500),
(124, '../../IMG/Pokemons/124.png', '../../IMG/Pokemons/124.png', '../../IMG/Pokemons/124Shiny.png', '../../IMG/Pokemons/124Shiny.png', 'Jynx', 11, 8, 'Moveja seductorament els malucs mentre camina. Pot fer que la gent balli a l\'un?son amb ell.', 40.60, 1.40, 65, 50, 35, 115, 95, 95, 455),
(125, '../../IMG/Pokemons/125.png', '../../IMG/Pokemons/125.png', '../../IMG/Pokemons/125Shiny.png', '../../IMG/Pokemons/125Shiny.png', 'Electabuzz', 10, NULL, 'Normalment es troben a prop de les centrals el?ctriques, poden allunyar-se i causar apagats importants a les ciutats.', 30.00, 1.10, 65, 83, 57, 95, 85, 105, 490),
(126, '../../IMG/Pokemons/126.png', '../../IMG/Pokemons/126.png', '../../IMG/Pokemons/126Shiny.png', '../../IMG/Pokemons/126Shiny.png', 'Magmar', 3, NULL, 'El seu cos sempre crema amb un resplendor taronja que li permet amagar-se perfectament entre les flames.', 44.50, 1.30, 65, 95, 57, 100, 85, 93, 495),
(127, '../../IMG/Pokemons/127.png', '../../IMG/Pokemons/127.png', '../../IMG/Pokemons/127Shiny.png', '../../IMG/Pokemons/127Shiny.png', 'Pinsir', 6, NULL, 'Si no aconsegueix aixafar la v?ctima amb les seves pinces, la girar? i la llan?ar? amb for?a.', 55.00, 1.50, 65, 125, 100, 55, 70, 85, 500),
(128, '../../IMG/Pokemons/128.png', '../../IMG/Pokemons/128.png', '../../IMG/Pokemons/128Shiny.png', '../../IMG/Pokemons/128Shiny.png', 'Tauros', 1, NULL, 'Quan apunta a un enemic, carrega furi?s mentre bateja el seu cos amb les seves llargues cues.', 88.40, 1.40, 75, 100, 95, 40, 70, 110, 490),
(129, '../../IMG/Pokemons/129M.png', '../../IMG/Pokemons/129F.png', '../../IMG/Pokemons/129MShiny.png', '../../IMG/Pokemons/129FShiny.png', 'Magikarp', 4, NULL, 'En el passat lluny?, era una mica m?s fort que els horriblement febles descendents que existeixen avui.', 10.00, 0.90, 20, 10, 55, 15, 20, 80, 200),
(130, '../../IMG/Pokemons/130M.png', '../../IMG/Pokemons/130F.png', '../../IMG/Pokemons/130MShiny.png', '../../IMG/Pokemons/130FShiny.png', 'Gyarados', 4, 15, 'Poques vegades es veu a la natura. Enorme i vici?s, ?s capa? de destruir ciutats senceres amb r?bia.', 235.00, 6.50, 95, 125, 79, 60, 100, 81, 540),
(131, '../../IMG/Pokemons/131.png', '../../IMG/Pokemons/131.png', '../../IMG/Pokemons/131Shiny.png', '../../IMG/Pokemons/131Shiny.png', 'Lapras', 4, 11, 'Un Pok?mon que ha estat ca?at gaireb? fins a l\'extinci?. Pot fer transportar persones a trav?s de l\'aigua.', 220.00, 2.50, 130, 85, 80, 85, 95, 60, 535),
(132, '../../IMG/Pokemons/132.png', '../../IMG/Pokemons/132.png', '../../IMG/Pokemons/132Shiny.png', '../../IMG/Pokemons/132Shiny.png', 'Ditto', 1, NULL, 'Capa? de copiar el codi gen?tic d\'un enemic per transformar-se instant?niament en un duplicat de l\'enemic.', 4.00, 0.30, 48, 48, 48, 48, 48, 48, 288),
(133, '../../IMG/Pokemons/133.png', '../../IMG/Pokemons/133.png', '../../IMG/Pokemons/133Shiny.png', '../../IMG/Pokemons/133Shiny.png', 'Eevee', 1, NULL, 'El seu codi gen?tic ?s irregular. Pot mutar si s\'exposa a la radiaci? de les pedres elementals.', 6.50, 0.30, 55, 55, 50, 45, 65, 55, 325),
(134, '../../IMG/Pokemons/134.png', '../../IMG/Pokemons/134.png', '../../IMG/Pokemons/134Shiny.png', '../../IMG/Pokemons/134Shiny.png', 'Vaporeon', 4, NULL, 'Viu prop de l\'aigua. La seva llarga cua t? una aleta que sovint es confon amb la d\'una sirena.', 29.00, 1.00, 130, 65, 60, 110, 95, 65, 525),
(135, '../../IMG/Pokemons/135.png', '../../IMG/Pokemons/135.png', '../../IMG/Pokemons/135Shiny.png', '../../IMG/Pokemons/135Shiny.png', 'Jolteon', 10, NULL, 'Acumula ions negatius a l\'atmosfera per disparar llamps de 10.000 volts.', 24.50, 0.80, 65, 65, 60, 110, 95, 130, 525),
(136, '../../IMG/Pokemons/136.png', '../../IMG/Pokemons/136.png', '../../IMG/Pokemons/136Shiny.png', '../../IMG/Pokemons/136Shiny.png', 'Flareon', 4, NULL, 'Quan s\'emmagatzema energia t?rmica al seu cos, la seva temperatura podria augmentar fins als 1600 graus.', 25.00, 0.90, 65, 130, 60, 95, 110, 65, 525),
(137, '../../IMG/Pokemons/137.png', '../../IMG/Pokemons/137.png', '../../IMG/Pokemons/137Shiny.png', '../../IMG/Pokemons/137Shiny.png', 'Porygon', 1, NULL, 'Un pokemon que consisteix completament en codi de programaci?. Capa? de moure\'s lliurement al ciberespai.', 36.50, 0.80, 65, 60, 70, 85, 75, 45, 395),
(138, '../../IMG/Pokemons/138.png', '../../IMG/Pokemons/138.png', '../../IMG/Pokemons/138Shiny.png', '../../IMG/Pokemons/138Shiny.png', 'Omanyte', 13, 4, 'Encara que s\'ha extingit fa temps, en casos rars, pot ressuscitar gen?ticament a partir de f?ssils.', 7.50, 0.40, 35, 40, 100, 90, 55, 35, 355),
(139, '../../IMG/Pokemons/139.png', '../../IMG/Pokemons/139.png', '../../IMG/Pokemons/139Shiny.png', '../../IMG/Pokemons/139Shiny.png', 'Omastar', 13, 4, 'Un pokemon prehist?ric que es va extingir quan la seva gruixuda closca va fer impossible atrapar preses.', 35.00, 1.00, 70, 60, 125, 115, 70, 55, 495),
(140, '../../IMG/Pokemons/140.png', '../../IMG/Pokemons/140.png', '../../IMG/Pokemons/140Shiny.png', '../../IMG/Pokemons/140Shiny.png', 'Kabuto', 13, 4, 'Un pokemon que va ressuscitar d\'un f?ssil trobat al que va ser el fons de l\'oce? fa eons.', 11.50, 0.50, 30, 80, 90, 55, 45, 55, 355),
(141, '../../IMG/Pokemons/141.png', '../../IMG/Pokemons/141.png', '../../IMG/Pokemons/141Shiny.png', '../../IMG/Pokemons/141Shiny.png', 'Kabutops', 13, 4, 'La seva forma elegant ?s perfecta per nedar. Talla les preses amb les seves urpes i drena els l?quids corporals.', 40.50, 1.30, 60, 115, 105, 65, 70, 85, 495),
(142, '../../IMG/Pokemons/142.png', '../../IMG/Pokemons/142.png', '../../IMG/Pokemons/142Shiny.png', '../../IMG/Pokemons/142Shiny.png', 'Aerodactyl', 13, 15, 'Un pokemon prehist?ric ferotge que va a la gola de l\'enemic amb els seus ullals de serra dentada.', 59.00, 1.80, 80, 105, 65, 60, 75, 130, 515),
(143, '../../IMG/Pokemons/143.png', '../../IMG/Pokemons/143.png', '../../IMG/Pokemons/143Shiny.png', '../../IMG/Pokemons/143Shiny.png', 'Snorlax', 1, NULL, 'Molt mandrosa. Nom?s menja i dorm. A mesura que augmenta el seu gruix, es torna cada cop m?s mandr?s.', 460.00, 2.10, 160, 110, 65, 65, 110, 30, 540),
(144, '../../IMG/Pokemons/144.png', '../../IMG/Pokemons/144.png', '../../IMG/Pokemons/144Shiny.png', '../../IMG/Pokemons/144Shiny.png', 'Articuno', 11, 15, 'Un llegendari pokemon ocell que es diu que apareix a persones condemnats que es perden a les muntanyes gelades.', 55.40, 1.70, 90, 85, 100, 95, 125, 85, 580),
(145, '../../IMG/Pokemons/145.png', '../../IMG/Pokemons/145.png', '../../IMG/Pokemons/145Shiny.png', '../../IMG/Pokemons/145Shiny.png', 'Zapdos', 10, 15, 'Un llegendari pokemon ocell que es diu que apareix dels n?vols mentre deixa caure enormes llamps.', 52.60, 1.60, 90, 90, 85, 125, 90, 100, 580),
(146, '../../IMG/Pokemons/146.png', '../../IMG/Pokemons/146.png', '../../IMG/Pokemons/146Shiny.png', '../../IMG/Pokemons/146Shiny.png', 'Moltres', 3, 15, 'Conegut com el llegendari ocell de foc. Cada aleta de les seves ales crea un llampec enlluernador de flames.', 60.00, 2.00, 90, 100, 90, 125, 85, 90, 580),
(147, '../../IMG/Pokemons/147.png', '../../IMG/Pokemons/147.png', '../../IMG/Pokemons/147Shiny.png', '../../IMG/Pokemons/147Shiny.png', 'Dratini', 12, NULL, 'Durant molt de temps es va considerar un pokemon m?tic fins fa poc quan es va trobar una petita col?nia vivint sota l\'aigua.', 3.30, 1.80, 41, 65, 45, 50, 50, 50, 300),
(148, '../../IMG/Pokemons/148.png', '../../IMG/Pokemons/148.png', '../../IMG/Pokemons/148Shiny.png', '../../IMG/Pokemons/148Shiny.png', 'Dragonair', 12, NULL, 'Un Pok?mon m?stic que despr?n una aura suau. T? la capacitat de canviar les condicions clim?tiques.', 16.50, 4.00, 61, 84, 65, 70, 70, 70, 420),
(149, '../../IMG/Pokemons/149.png', '../../IMG/Pokemons/149.png', '../../IMG/Pokemons/149Shiny.png', '../../IMG/Pokemons/149Shiny.png', 'Dragonite', 12, 15, 'Un pokemon mar? molt poc vist. Es diu que la seva intel?lig?ncia coincideix amb la dels humans.', 210.00, 2.20, 91, 134, 95, 100, 100, 80, 600),
(150, '../../IMG/Pokemons/150.png', '../../IMG/Pokemons/150.png', '../../IMG/Pokemons/150Shiny.png', '../../IMG/Pokemons/150Shiny.png', 'Mewtwo', 8, NULL, 'Va ser creat per un cient?fic despr?s d\'anys d\'horribles splicing gen?tic i experiments d\'enginyeria d\'ADN.', 122.00, 2.00, 106, 110, 90, 154, 90, 130, 680),
(151, '../../IMG/Pokemons/151.png', '../../IMG/Pokemons/151.png', '../../IMG/Pokemons/151Shiny.png', '../../IMG/Pokemons/151Shiny.png', 'Mew', 8, NULL, 'Tan rar que encara es diu que ?s un miratge per molts experts. Nom?s poques persones l\'han vist arreu del m?n.', 4.00, 0.40, 100, 100, 100, 100, 100, 100, 600);

-- --------------------------------------------------------

--
-- Estructura de tabla para la tabla `pokemon_moviments`
--

CREATE TABLE `pokemon_moviments` (
  `ID_pokemon` int(11) NOT NULL,
  `ID_moviment` int(11) NOT NULL
) ENGINE=InnoDB DEFAULT CHARSET=utf8mb4 COLLATE=utf8mb4_spanish2_ci;

--
-- Volcado de datos para la tabla `pokemon_moviments`
--

INSERT INTO `pokemon_moviments` (`ID_pokemon`, `ID_moviment`) VALUES
(1, 39),
(1, 41),
(1, 43),
(1, 44),
(1, 45),
(1, 53),
(1, 54),
(1, 56),
(1, 66),
(1, 71),
(1, 74),
(1, 80),
(1, 87),
(1, 93),
(1, 98),
(1, 118),
(1, 120),
(1, 134),
(1, 137),
(1, 147),
(1, 152),
(1, 158),
(1, 162),
(2, 39),
(2, 41),
(2, 43),
(2, 44),
(2, 45),
(2, 53),
(2, 54),
(2, 56),
(2, 66),
(2, 71),
(2, 74),
(2, 80),
(2, 87),
(2, 93),
(2, 98),
(2, 118),
(2, 120),
(2, 134),
(2, 137),
(2, 147),
(2, 152),
(2, 158),
(2, 162),
(3, 39),
(3, 41),
(3, 43),
(3, 44),
(3, 45),
(3, 53),
(3, 54),
(3, 56),
(3, 66),
(3, 71),
(3, 74),
(3, 78),
(3, 80),
(3, 87),
(3, 93),
(3, 98),
(3, 118),
(3, 120),
(3, 134),
(3, 137),
(3, 147),
(3, 152),
(3, 158),
(3, 162),
(4, 8),
(4, 10),
(4, 27),
(4, 36),
(4, 39),
(4, 40),
(4, 41),
(4, 43),
(4, 45),
(4, 53),
(4, 54),
(4, 59),
(4, 65),
(4, 66),
(4, 67),
(4, 69),
(4, 71),
(4, 74),
(4, 84),
(4, 89),
(4, 90),
(4, 94),
(4, 95),
(4, 96),
(4, 98),
(4, 102),
(4, 137),
(4, 146),
(4, 148),
(4, 158),
(4, 162),
(5, 8),
(5, 10),
(5, 27),
(5, 36),
(5, 39),
(5, 40),
(5, 41),
(5, 43),
(5, 45),
(5, 53),
(5, 54),
(5, 59),
(5, 65),
(5, 66),
(5, 67),
(5, 69),
(5, 71),
(5, 74),
(5, 84),
(5, 89),
(5, 90),
(5, 94),
(5, 95),
(5, 96),
(5, 98),
(5, 137),
(5, 146),
(5, 148),
(5, 152),
(5, 158),
(5, 162),
(6, 8),
(6, 10),
(6, 27),
(6, 36),
(6, 39),
(6, 40),
(6, 41),
(6, 43),
(6, 45),
(6, 53),
(6, 54),
(6, 59),
(6, 61),
(6, 65),
(6, 66),
(6, 67),
(6, 69),
(6, 71),
(6, 74),
(6, 78),
(6, 84),
(6, 89),
(6, 90),
(6, 94),
(6, 95),
(6, 96),
(6, 98),
(6, 137),
(6, 146),
(6, 148),
(6, 152),
(6, 155),
(6, 158),
(6, 162),
(6, 165),
(7, 26),
(7, 27),
(7, 36),
(7, 43),
(7, 45),
(7, 53),
(7, 54),
(7, 59),
(7, 65),
(7, 66),
(7, 71),
(7, 76),
(7, 86),
(7, 94),
(7, 95),
(7, 98),
(7, 99),
(7, 117),
(7, 118),
(7, 131),
(7, 133),
(7, 137),
(7, 138),
(7, 146),
(7, 148),
(7, 151),
(7, 152),
(7, 158),
(7, 162),
(7, 163),
(8, 26),
(8, 27),
(8, 36),
(8, 43),
(8, 45),
(8, 53),
(8, 54),
(8, 59),
(8, 65),
(8, 66),
(8, 71),
(8, 76),
(8, 86),
(8, 94),
(8, 95),
(8, 98),
(8, 99),
(8, 117),
(8, 118),
(8, 131),
(8, 133),
(8, 137),
(8, 138),
(8, 146),
(8, 148),
(8, 151),
(8, 152),
(8, 158),
(8, 162),
(8, 163),
(9, 26),
(9, 27),
(9, 36),
(9, 43),
(9, 45),
(9, 53),
(9, 54),
(9, 59),
(9, 61),
(9, 65),
(9, 66),
(9, 71),
(9, 76),
(9, 86),
(9, 94),
(9, 95),
(9, 98),
(9, 99),
(9, 117),
(9, 118),
(9, 131),
(9, 133),
(9, 137),
(9, 138),
(9, 146),
(9, 148),
(9, 151),
(9, 152),
(9, 155),
(9, 158),
(9, 162),
(9, 163),
(10, 50),
(10, 118),
(11, 64),
(12, 34),
(12, 43),
(12, 45),
(12, 47),
(12, 53),
(12, 54),
(12, 66),
(12, 78),
(12, 93),
(12, 96),
(12, 98),
(12, 107),
(12, 120),
(12, 121),
(12, 122),
(12, 123),
(12, 134),
(12, 137),
(12, 139),
(12, 147),
(12, 150),
(12, 152),
(12, 153),
(12, 158),
(12, 162),
(12, 164),
(13, 50),
(13, 114),
(14, 64),
(15, 5),
(15, 15),
(15, 27),
(15, 39),
(15, 41),
(15, 43),
(15, 45),
(15, 51),
(15, 53),
(15, 54),
(15, 62),
(15, 66),
(15, 78),
(15, 93),
(15, 96),
(15, 98),
(15, 115),
(15, 137),
(15, 152),
(15, 158),
(15, 162),
(16, 5),
(16, 12),
(16, 13),
(16, 14),
(16, 17),
(16, 43),
(16, 45),
(16, 53),
(16, 54),
(16, 57),
(16, 66),
(16, 96),
(16, 98),
(16, 137),
(16, 139),
(16, 152),
(16, 157),
(16, 158),
(16, 162),
(16, 164),
(16, 165),
(17, 5),
(17, 12),
(17, 13),
(17, 14),
(17, 17),
(17, 43),
(17, 45),
(17, 53),
(17, 54),
(17, 57),
(17, 66),
(17, 96),
(17, 98),
(17, 137),
(17, 139),
(17, 152),
(17, 157),
(17, 158),
(17, 162),
(17, 164),
(17, 165),
(18, 5),
(18, 12),
(18, 13),
(18, 14),
(18, 17),
(18, 43),
(18, 45),
(18, 53),
(18, 54),
(18, 57),
(18, 66),
(18, 78),
(18, 96),
(18, 98),
(18, 137),
(18, 139),
(18, 152),
(18, 157),
(18, 158),
(18, 162),
(18, 164),
(18, 165),
(19, 17),
(19, 27),
(19, 43),
(19, 45),
(19, 53),
(19, 54),
(19, 59),
(19, 62),
(19, 66),
(19, 71),
(19, 77),
(19, 86),
(19, 96),
(19, 98),
(19, 117),
(19, 118),
(19, 129),
(19, 131),
(19, 149),
(19, 152),
(19, 158),
(19, 161),
(19, 162),
(19, 163),
(20, 17),
(20, 27),
(20, 43),
(20, 45),
(20, 53),
(20, 54),
(20, 59),
(20, 62),
(20, 66),
(20, 71),
(20, 77),
(20, 86),
(20, 96),
(20, 98),
(20, 117),
(20, 118),
(20, 129),
(20, 131),
(20, 149),
(20, 152),
(20, 158),
(20, 161),
(20, 162),
(20, 163),
(21, 5),
(21, 12),
(21, 15),
(21, 43),
(21, 45),
(21, 53),
(21, 54),
(21, 57),
(21, 66),
(21, 74),
(21, 90),
(21, 96),
(21, 98),
(21, 112),
(21, 113),
(21, 139),
(21, 152),
(21, 158),
(21, 162),
(21, 164),
(21, 165),
(22, 5),
(22, 12),
(22, 15),
(22, 43),
(22, 45),
(22, 53),
(22, 54),
(22, 57),
(22, 66),
(22, 74),
(22, 78),
(22, 90),
(22, 96),
(22, 98),
(22, 112),
(22, 113),
(22, 139),
(22, 152),
(22, 158),
(22, 162),
(22, 164),
(22, 165),
(23, 2),
(23, 20),
(23, 27),
(23, 30),
(23, 35),
(23, 43),
(23, 45),
(23, 46),
(23, 53),
(23, 54),
(23, 59),
(23, 61),
(23, 65),
(23, 66),
(23, 71),
(23, 90),
(23, 93),
(23, 98),
(23, 114),
(23, 152),
(23, 155),
(23, 158),
(23, 162),
(24, 2),
(24, 20),
(24, 27),
(24, 30),
(24, 35),
(24, 43),
(24, 45),
(24, 46),
(24, 53),
(24, 54),
(24, 59),
(24, 61),
(24, 65),
(24, 66),
(24, 71),
(24, 78),
(24, 90),
(24, 93),
(24, 98),
(24, 114),
(24, 152),
(24, 155),
(24, 158),
(24, 162),
(25, 5),
(25, 17),
(25, 74),
(25, 82),
(25, 96),
(25, 102),
(25, 161),
(26, 27),
(26, 43),
(26, 45),
(26, 47),
(26, 49),
(26, 53),
(26, 54),
(26, 66),
(26, 71),
(26, 74),
(26, 78),
(26, 82),
(26, 94),
(26, 95),
(26, 96),
(26, 98),
(26, 102),
(26, 129),
(26, 137),
(26, 146),
(26, 148),
(26, 152),
(26, 158),
(26, 161),
(26, 162),
(27, 8),
(27, 14),
(27, 20),
(27, 27),
(27, 39),
(27, 40),
(27, 41),
(27, 43),
(27, 45),
(27, 53),
(27, 54),
(27, 59),
(27, 61),
(27, 65),
(27, 66),
(27, 71),
(27, 73),
(27, 96),
(27, 98),
(27, 114),
(27, 146),
(27, 148),
(27, 152),
(27, 155),
(27, 158),
(27, 162),
(28, 8),
(28, 14),
(28, 20),
(28, 27),
(28, 39),
(28, 40),
(28, 41),
(28, 43),
(28, 45),
(28, 53),
(28, 54),
(28, 59),
(28, 61),
(28, 65),
(28, 66),
(28, 71),
(28, 73),
(28, 96),
(28, 98),
(28, 114),
(28, 146),
(28, 148),
(28, 152),
(28, 155),
(28, 158),
(28, 162),
(29, 8),
(29, 27),
(29, 43),
(29, 45),
(29, 53),
(29, 54),
(29, 55),
(29, 66),
(29, 71),
(29, 73),
(29, 74),
(29, 86),
(29, 98),
(29, 99),
(29, 114),
(29, 118),
(29, 129),
(29, 137),
(29, 152),
(29, 158),
(29, 161),
(29, 162),
(29, 163),
(30, 8),
(30, 27),
(30, 43),
(30, 45),
(30, 53),
(30, 54),
(30, 55),
(30, 66),
(30, 71),
(30, 73),
(30, 74),
(30, 86),
(30, 98),
(30, 99),
(30, 111),
(30, 114),
(30, 117),
(30, 118),
(30, 129),
(30, 131),
(30, 133),
(30, 137),
(30, 152),
(30, 158),
(30, 161),
(30, 162),
(30, 163),
(31, 8),
(31, 20),
(31, 27),
(31, 36),
(31, 43),
(31, 45),
(31, 49),
(31, 53),
(31, 54),
(31, 55),
(31, 61),
(31, 65),
(31, 66),
(31, 71),
(31, 78),
(31, 86),
(31, 89),
(31, 94),
(31, 95),
(31, 98),
(31, 111),
(31, 114),
(31, 117),
(31, 118),
(31, 129),
(31, 131),
(31, 133),
(31, 137),
(31, 146),
(31, 148),
(31, 151),
(31, 152),
(31, 155),
(31, 158),
(31, 161),
(31, 162),
(31, 163),
(32, 15),
(32, 27),
(32, 38),
(32, 43),
(32, 45),
(32, 53),
(32, 54),
(32, 55),
(32, 62),
(32, 66),
(32, 71),
(32, 90),
(32, 98),
(32, 111),
(32, 114),
(32, 118),
(32, 129),
(32, 137),
(32, 152),
(32, 158),
(32, 161),
(32, 162),
(32, 163),
(33, 15),
(33, 27),
(33, 38),
(33, 43),
(33, 45),
(33, 53),
(33, 54),
(33, 55),
(33, 62),
(33, 66),
(33, 71),
(33, 90),
(33, 98),
(33, 111),
(33, 114),
(33, 117),
(33, 118),
(33, 129),
(33, 131),
(33, 133),
(33, 137),
(33, 152),
(33, 158),
(33, 161),
(33, 162),
(33, 163),
(34, 20),
(34, 27),
(34, 36),
(34, 38),
(34, 43),
(34, 45),
(34, 49),
(34, 53),
(34, 54),
(34, 55),
(34, 61),
(34, 65),
(34, 66),
(34, 71),
(34, 78),
(34, 89),
(34, 94),
(34, 95),
(34, 98),
(34, 111),
(34, 114),
(34, 117),
(34, 118),
(34, 129),
(34, 131),
(34, 133),
(34, 137),
(34, 145),
(34, 146),
(34, 148),
(34, 151),
(34, 152),
(34, 155),
(34, 158),
(34, 161),
(34, 162),
(34, 163),
(35, 27),
(35, 28),
(35, 36),
(35, 43),
(35, 45),
(35, 47),
(35, 48),
(35, 52),
(35, 53),
(35, 54),
(35, 65),
(35, 66),
(35, 71),
(35, 74),
(35, 89),
(35, 94),
(35, 95),
(35, 97),
(35, 98),
(35, 102),
(35, 105),
(35, 117),
(35, 121),
(35, 123),
(35, 129),
(35, 131),
(35, 133),
(35, 136),
(35, 137),
(35, 142),
(35, 146),
(35, 148),
(35, 152),
(35, 153),
(35, 158),
(35, 160),
(35, 161),
(35, 162),
(35, 163),
(36, 27),
(36, 28),
(36, 36),
(36, 43),
(36, 45),
(36, 47),
(36, 52),
(36, 53),
(36, 54),
(36, 65),
(36, 66),
(36, 71),
(36, 78),
(36, 89),
(36, 94),
(36, 95),
(36, 97),
(36, 98),
(36, 102),
(36, 117),
(36, 121),
(36, 123),
(36, 129),
(36, 131),
(36, 133),
(36, 134),
(36, 136),
(36, 137),
(36, 146),
(36, 148),
(36, 152),
(36, 153),
(36, 158),
(36, 160),
(36, 161),
(36, 162),
(36, 163),
(37, 10),
(37, 17),
(37, 27),
(37, 43),
(37, 45),
(37, 53),
(37, 54),
(37, 59),
(37, 66),
(37, 69),
(37, 71),
(37, 84),
(37, 86),
(37, 89),
(37, 96),
(37, 98),
(37, 132),
(37, 137),
(37, 143),
(37, 152),
(37, 158),
(37, 162),
(38, 10),
(38, 17),
(38, 27),
(38, 43),
(38, 45),
(38, 53),
(38, 54),
(38, 59),
(38, 66),
(38, 71),
(38, 78),
(38, 86),
(38, 89),
(38, 96),
(38, 98),
(38, 137),
(38, 143),
(38, 152),
(38, 158),
(38, 162),
(39, 7),
(39, 27),
(39, 28),
(39, 36),
(39, 43),
(39, 45),
(39, 47),
(39, 48),
(39, 52),
(39, 53),
(39, 54),
(39, 65),
(39, 66),
(39, 71),
(39, 89),
(39, 94),
(39, 95),
(39, 98),
(39, 102),
(39, 117),
(39, 121),
(39, 123),
(39, 129),
(39, 131),
(39, 133),
(39, 134),
(39, 137),
(39, 142),
(39, 146),
(39, 148),
(39, 152),
(39, 153),
(39, 158),
(39, 160),
(39, 161),
(39, 162),
(39, 163),
(40, 7),
(40, 27),
(40, 28),
(40, 36),
(40, 43),
(40, 45),
(40, 47),
(40, 48),
(40, 52),
(40, 53),
(40, 54),
(40, 65),
(40, 66),
(40, 71),
(40, 89),
(40, 94),
(40, 95),
(40, 98),
(40, 102),
(40, 117),
(40, 121),
(40, 123),
(40, 129),
(40, 131),
(40, 133),
(40, 134),
(40, 137),
(40, 142),
(40, 146),
(40, 148),
(40, 152),
(40, 153),
(40, 158),
(40, 160),
(40, 161),
(40, 162),
(40, 163),
(41, 13),
(41, 31),
(41, 43),
(41, 45),
(41, 53),
(41, 54),
(41, 66),
(41, 93),
(41, 96),
(41, 98),
(41, 99),
(41, 101),
(41, 132),
(41, 139),
(41, 150),
(41, 152),
(41, 158),
(41, 162),
(41, 164),
(42, 13),
(42, 30),
(42, 31),
(42, 43),
(42, 45),
(42, 53),
(42, 54),
(42, 66),
(42, 78),
(42, 93),
(42, 96),
(42, 98),
(42, 99),
(42, 101),
(42, 132),
(42, 139),
(42, 150),
(42, 152),
(42, 158),
(42, 162),
(42, 164),
(43, 1),
(43, 2),
(43, 39),
(43, 41),
(43, 42),
(43, 43),
(43, 45),
(43, 53),
(43, 54),
(43, 66),
(43, 93),
(43, 98),
(43, 107),
(43, 120),
(43, 134),
(43, 137),
(43, 147),
(43, 152),
(43, 158),
(43, 162),
(44, 1),
(44, 2),
(44, 39),
(44, 41),
(44, 42),
(44, 43),
(44, 45),
(44, 53),
(44, 54),
(44, 66),
(44, 93),
(44, 98),
(44, 107),
(44, 120),
(44, 134),
(44, 137),
(44, 147),
(44, 152),
(44, 158),
(44, 162),
(45, 2),
(45, 39),
(45, 41),
(45, 42),
(45, 43),
(45, 45),
(45, 53),
(45, 54),
(45, 66),
(45, 78),
(45, 93),
(45, 98),
(45, 107),
(45, 120),
(45, 134),
(45, 137),
(45, 147),
(45, 152),
(45, 158),
(45, 162),
(46, 8),
(46, 27),
(46, 31),
(46, 39),
(46, 40),
(46, 41),
(46, 43),
(46, 44),
(46, 45),
(46, 53),
(46, 54),
(46, 58),
(46, 59),
(46, 66),
(46, 71),
(46, 93),
(46, 98),
(46, 107),
(46, 134),
(46, 137),
(46, 152),
(46, 158),
(46, 162),
(47, 8),
(47, 27),
(47, 31),
(47, 39),
(47, 40),
(47, 41),
(47, 43),
(47, 44),
(47, 45),
(47, 53),
(47, 54),
(47, 58),
(47, 59),
(47, 66),
(47, 71),
(47, 78),
(47, 93),
(47, 98),
(47, 107),
(47, 134),
(47, 137),
(47, 152),
(47, 158),
(47, 162),
(48, 7),
(48, 31),
(48, 34),
(48, 45),
(48, 47),
(48, 53),
(48, 98),
(48, 107),
(48, 118),
(48, 120),
(48, 121),
(48, 122),
(48, 123),
(48, 137),
(48, 147),
(48, 150),
(48, 152),
(48, 162),
(49, 7),
(49, 31),
(49, 34),
(49, 43),
(49, 45),
(49, 47),
(49, 53),
(49, 54),
(49, 66),
(49, 78),
(49, 93),
(49, 96),
(49, 98),
(49, 107),
(49, 118),
(49, 120),
(49, 121),
(49, 122),
(49, 123),
(49, 134),
(49, 137),
(49, 139),
(49, 147),
(49, 150),
(49, 152),
(49, 153),
(49, 158),
(49, 162),
(49, 164),
(50, 8),
(50, 14),
(50, 20),
(50, 39),
(50, 40),
(50, 43),
(50, 45),
(50, 53),
(50, 54),
(50, 59),
(50, 61),
(50, 66),
(50, 71),
(50, 74),
(50, 98),
(50, 152),
(50, 155),
(50, 158),
(50, 162),
(51, 8),
(51, 14),
(51, 20),
(51, 39),
(51, 40),
(51, 43),
(51, 45),
(51, 53),
(51, 54),
(51, 59),
(51, 61),
(51, 66),
(51, 71),
(51, 74),
(51, 78),
(51, 98),
(51, 152),
(51, 155),
(51, 158),
(51, 162),
(52, 8),
(52, 27),
(52, 30),
(52, 40),
(52, 43),
(52, 45),
(52, 49),
(52, 53),
(52, 54),
(52, 66),
(52, 71),
(52, 73),
(52, 74),
(52, 96),
(52, 98),
(52, 99),
(52, 117),
(52, 129),
(52, 131),
(52, 152),
(52, 158),
(52, 161),
(52, 162),
(53, 8),
(53, 27),
(53, 30),
(53, 40),
(53, 43),
(53, 45),
(53, 49),
(53, 53),
(53, 54),
(53, 66),
(53, 71),
(53, 73),
(53, 74),
(53, 78),
(53, 96),
(53, 98),
(53, 99),
(53, 117),
(53, 129),
(53, 131),
(53, 152),
(53, 158),
(53, 161),
(53, 162),
(54, 17),
(54, 27),
(54, 28),
(54, 43),
(54, 45),
(54, 48),
(54, 53),
(54, 54),
(54, 66),
(54, 71),
(54, 74),
(54, 89),
(54, 94),
(54, 95),
(54, 98),
(54, 117),
(54, 129),
(54, 131),
(54, 133),
(54, 137),
(54, 152),
(54, 158),
(54, 161),
(54, 162),
(54, 163),
(55, 17),
(55, 27),
(55, 28),
(55, 36),
(55, 43),
(55, 45),
(55, 48),
(55, 49),
(55, 53),
(55, 54),
(55, 66),
(55, 71),
(55, 74),
(55, 78),
(55, 89),
(55, 94),
(55, 95),
(55, 98),
(55, 117),
(55, 129),
(55, 131),
(55, 133),
(55, 137),
(55, 146),
(55, 148),
(55, 152),
(55, 158),
(55, 161),
(55, 162),
(55, 163),
(56, 8),
(56, 15),
(56, 17),
(56, 27),
(56, 43),
(56, 45),
(56, 53),
(56, 54),
(56, 59),
(56, 62),
(56, 66),
(56, 71),
(56, 74),
(56, 98),
(56, 111),
(56, 129),
(56, 137),
(56, 152),
(56, 158),
(56, 161),
(56, 162),
(57, 8),
(57, 15),
(57, 17),
(57, 27),
(57, 43),
(57, 45),
(57, 53),
(57, 54),
(57, 59),
(57, 62),
(57, 66),
(57, 71),
(57, 74),
(57, 78),
(57, 98),
(57, 111),
(57, 129),
(57, 137),
(57, 152),
(57, 158),
(57, 161),
(57, 162),
(58, 10),
(58, 17),
(58, 43),
(58, 45),
(58, 53),
(58, 54),
(58, 59),
(58, 66),
(58, 69),
(58, 71),
(58, 74),
(58, 84),
(58, 86),
(58, 94),
(58, 95),
(58, 96),
(58, 98),
(58, 132),
(58, 137),
(58, 152),
(58, 158),
(58, 162),
(59, 10),
(59, 17),
(59, 43),
(59, 45),
(59, 53),
(59, 54),
(59, 59),
(59, 66),
(59, 69),
(59, 71),
(59, 74),
(59, 78),
(59, 84),
(59, 86),
(59, 94),
(59, 95),
(59, 96),
(59, 98),
(59, 132),
(59, 137),
(59, 152),
(59, 158),
(59, 162),
(60, 26),
(60, 27),
(60, 43),
(60, 45),
(60, 53),
(60, 54),
(60, 66),
(60, 71),
(60, 86),
(60, 98),
(60, 99),
(60, 117),
(60, 118),
(60, 129),
(60, 137),
(60, 152),
(60, 158),
(60, 161),
(60, 162),
(61, 26),
(61, 27),
(61, 43),
(61, 45),
(61, 53),
(61, 54),
(61, 66),
(61, 71),
(61, 78),
(61, 86),
(61, 98),
(61, 99),
(61, 117),
(61, 118),
(61, 129),
(61, 137),
(61, 152),
(61, 158),
(61, 161),
(61, 162),
(62, 15),
(62, 26),
(62, 27),
(62, 43),
(62, 45),
(62, 53),
(62, 54),
(62, 59),
(62, 62),
(62, 66),
(62, 71),
(62, 78),
(62, 86),
(62, 98),
(62, 99),
(62, 117),
(62, 118),
(62, 129),
(62, 137),
(62, 152),
(62, 158),
(62, 161),
(62, 162),
(63, 27),
(63, 45),
(63, 53),
(63, 66),
(63, 74),
(63, 89),
(63, 98),
(63, 99),
(63, 109),
(63, 123),
(63, 126),
(63, 132),
(63, 137),
(63, 146),
(63, 148),
(63, 152),
(63, 153),
(63, 162),
(64, 27),
(64, 45),
(64, 53),
(64, 66),
(64, 74),
(64, 89),
(64, 98),
(64, 99),
(64, 109),
(64, 123),
(64, 126),
(64, 132),
(64, 137),
(64, 146),
(64, 148),
(64, 152),
(64, 153),
(64, 162),
(65, 27),
(65, 45),
(65, 53),
(65, 66),
(65, 74),
(65, 89),
(65, 98),
(65, 99),
(65, 109),
(65, 123),
(65, 126),
(65, 132),
(65, 137),
(65, 146),
(65, 148),
(65, 152),
(65, 153),
(65, 162),
(66, 15),
(66, 27),
(66, 43),
(66, 45),
(66, 53),
(66, 54),
(66, 59),
(66, 62),
(66, 66),
(66, 71),
(66, 74),
(66, 98),
(66, 129),
(66, 137),
(66, 152),
(66, 158),
(66, 161),
(66, 162),
(67, 15),
(67, 27),
(67, 43),
(67, 45),
(67, 53),
(67, 54),
(67, 59),
(67, 62),
(67, 66),
(67, 71),
(67, 74),
(67, 78),
(67, 98),
(67, 129),
(67, 137),
(67, 152),
(67, 158),
(67, 161),
(67, 162),
(68, 15),
(68, 27),
(68, 43),
(68, 45),
(68, 53),
(68, 54),
(68, 59),
(68, 62),
(68, 66),
(68, 71),
(68, 74),
(68, 78),
(68, 98),
(68, 129),
(68, 137),
(68, 152),
(68, 158),
(68, 161),
(68, 162),
(69, 1),
(69, 2),
(69, 39),
(69, 41),
(69, 42),
(69, 43),
(69, 45),
(69, 53),
(69, 54),
(69, 66),
(69, 93),
(69, 98),
(69, 107),
(69, 120),
(69, 134),
(69, 137),
(69, 147),
(69, 152),
(69, 158),
(69, 162),
(70, 1),
(70, 2),
(70, 39),
(70, 41),
(70, 42),
(70, 43),
(70, 45),
(70, 53),
(70, 54),
(70, 66),
(70, 93),
(70, 98),
(70, 107),
(70, 120),
(70, 134),
(70, 137),
(70, 147),
(70, 152),
(70, 158),
(70, 162),
(71, 1),
(71, 2),
(71, 39),
(71, 41),
(71, 42),
(71, 43),
(71, 45),
(71, 53),
(71, 54),
(71, 66),
(71, 78),
(71, 93),
(71, 98),
(71, 107),
(71, 120),
(71, 134),
(71, 137),
(71, 147),
(71, 152),
(71, 158),
(71, 162),
(72, 41),
(72, 43),
(72, 45),
(72, 53),
(72, 54),
(72, 66),
(72, 93),
(72, 98),
(72, 107),
(72, 134),
(72, 137),
(72, 150),
(72, 152),
(72, 158),
(72, 162),
(73, 41),
(73, 43),
(73, 45),
(73, 53),
(73, 54),
(73, 66),
(73, 78),
(73, 93),
(73, 98),
(73, 107),
(73, 134),
(73, 137),
(73, 150),
(73, 152),
(73, 158),
(73, 162),
(74, 8),
(74, 14),
(74, 20),
(74, 27),
(74, 39),
(74, 43),
(74, 45),
(74, 53),
(74, 54),
(74, 59),
(74, 65),
(74, 66),
(74, 71),
(74, 98),
(74, 137),
(74, 152),
(74, 155),
(74, 158),
(74, 162),
(75, 8),
(75, 14),
(75, 20),
(75, 27),
(75, 39),
(75, 43),
(75, 45),
(75, 53),
(75, 54),
(75, 59),
(75, 65),
(75, 66),
(75, 71),
(75, 78),
(75, 98),
(75, 137),
(75, 152),
(75, 155),
(75, 158),
(75, 162),
(76, 8),
(76, 14),
(76, 20),
(76, 27),
(76, 39),
(76, 43),
(76, 45),
(76, 53),
(76, 54),
(76, 59),
(76, 65),
(76, 66),
(76, 71),
(76, 78),
(76, 98),
(76, 137),
(76, 152),
(76, 155),
(76, 158),
(76, 162),
(77, 10),
(77, 17),
(77, 27),
(77, 43),
(77, 45),
(77, 53),
(77, 54),
(77, 59),
(77, 66),
(77, 69),
(77, 71),
(77, 84),
(77, 86),
(77, 98),
(77, 132),
(77, 137),
(77, 152),
(77, 158),
(77, 162),
(78, 10),
(78, 17),
(78, 27),
(78, 43),
(78, 45),
(78, 53),
(78, 54),
(78, 59),
(78, 66),
(78, 69),
(78, 71),
(78, 78),
(78, 84),
(78, 86),
(78, 98),
(78, 132),
(78, 137),
(78, 152),
(78, 158),
(78, 162),
(79, 27),
(79, 28),
(79, 43),
(79, 45),
(79, 53),
(79, 54),
(79, 66),
(79, 71),
(79, 74),
(79, 86),
(79, 89),
(79, 98),
(79, 99),
(79, 107),
(79, 109),
(79, 118),
(79, 126),
(79, 129),
(79, 134),
(79, 137),
(79, 152),
(79, 158),
(79, 161),
(79, 162),
(80, 27),
(80, 28),
(80, 43),
(80, 45),
(80, 53),
(80, 54),
(80, 66),
(80, 71),
(80, 74),
(80, 78),
(80, 86),
(80, 89),
(80, 98),
(80, 99),
(80, 107),
(80, 109),
(80, 118),
(80, 126),
(80, 129),
(80, 134),
(80, 137),
(80, 152),
(80, 158),
(80, 161),
(80, 162),
(81, 17),
(81, 43),
(81, 45),
(81, 53),
(81, 54),
(81, 66),
(81, 71),
(81, 83),
(81, 93),
(81, 98),
(81, 132),
(81, 134),
(81, 137),
(81, 152),
(81, 158),
(81, 162),
(82, 17),
(82, 43),
(82, 45),
(82, 53),
(82, 54),
(82, 66),
(82, 71),
(82, 78),
(82, 83),
(82, 93),
(82, 98),
(82, 132),
(82, 134),
(82, 137),
(82, 152),
(82, 158),
(82, 162),
(83, 5),
(83, 17),
(83, 43),
(83, 45),
(83, 53),
(83, 54),
(83, 66),
(83, 74),
(83, 90),
(83, 93),
(83, 96),
(83, 98),
(83, 132),
(83, 134),
(83, 137),
(83, 152),
(83, 158),
(83, 162),
(83, 164),
(84, 5),
(84, 17),
(84, 43),
(84, 45),
(84, 53),
(84, 54),
(84, 66),
(84, 74),
(84, 90),
(84, 96),
(84, 98),
(84, 137),
(84, 152),
(84, 158),
(84, 162),
(84, 164),
(85, 5),
(85, 17),
(85, 43),
(85, 45),
(85, 53),
(85, 54),
(85, 66),
(85, 74),
(85, 78),
(85, 90),
(85, 96),
(85, 98),
(85, 137),
(85, 152),
(85, 158),
(85, 162),
(85, 164),
(86, 26),
(86, 27),
(86, 43),
(86, 45),
(86, 53),
(86, 54),
(86, 66),
(86, 71),
(86, 86),
(86, 98),
(86, 99),
(86, 117),
(86, 118),
(86, 131),
(86, 133),
(86, 137),
(86, 152),
(86, 158),
(86, 162),
(87, 26),
(87, 27),
(87, 43),
(87, 45),
(87, 53),
(87, 54),
(87, 66),
(87, 71),
(87, 78),
(87, 86),
(87, 98),
(87, 99),
(87, 117),
(87, 118),
(87, 131),
(87, 133),
(87, 137),
(87, 152),
(87, 158),
(87, 162),
(88, 43),
(88, 45),
(88, 53),
(88, 54),
(88, 66),
(88, 71),
(88, 86),
(88, 93),
(88, 98),
(88, 114),
(88, 137),
(88, 152),
(88, 158),
(88, 162),
(89, 43),
(89, 45),
(89, 53),
(89, 54),
(89, 66),
(89, 71),
(89, 78),
(89, 86),
(89, 93),
(89, 98),
(89, 114),
(89, 137),
(89, 152),
(89, 158),
(89, 162),
(90, 26),
(90, 27),
(90, 43),
(90, 45),
(90, 53),
(90, 54),
(90, 66),
(90, 71),
(90, 86),
(90, 98),
(90, 99),
(90, 117),
(90, 118),
(90, 131),
(90, 133),
(90, 137),
(90, 152),
(90, 158),
(90, 162),
(91, 26),
(91, 27),
(91, 43),
(91, 45),
(91, 53),
(91, 54),
(91, 66),
(91, 71),
(91, 78),
(91, 86),
(91, 98),
(91, 99),
(91, 117),
(91, 118),
(91, 131),
(91, 133),
(91, 137),
(91, 152),
(91, 158),
(91, 162),
(92, 43),
(92, 45),
(92, 53),
(92, 54),
(92, 66),
(92, 98),
(92, 107),
(92, 123),
(92, 126),
(92, 137),
(92, 150),
(92, 152),
(92, 158),
(92, 162),
(93, 43),
(93, 45),
(93, 53),
(93, 54),
(93, 66),
(93, 78),
(93, 98),
(93, 107),
(93, 123),
(93, 126),
(93, 137),
(93, 150),
(93, 152),
(93, 158),
(93, 162),
(94, 43),
(94, 45),
(94, 53),
(94, 54),
(94, 66),
(94, 78),
(94, 98),
(94, 107),
(94, 123),
(94, 126),
(94, 137),
(94, 150),
(94, 152),
(94, 158),
(94, 162),
(95, 8),
(95, 14),
(95, 20),
(95, 27),
(95, 39),
(95, 40),
(95, 43),
(95, 45),
(95, 53),
(95, 54),
(95, 59),
(95, 66),
(95, 71),
(95, 98),
(95, 137),
(95, 152),
(95, 155),
(95, 158),
(95, 162),
(96, 27),
(96, 43),
(96, 45),
(96, 53),
(96, 54),
(96, 66),
(96, 71),
(96, 89),
(96, 98),
(96, 109),
(96, 123),
(96, 126),
(96, 132),
(96, 137),
(96, 152),
(96, 153),
(96, 158),
(96, 162),
(97, 27),
(97, 43),
(97, 45),
(97, 53),
(97, 54),
(97, 66),
(97, 71),
(97, 78),
(97, 89),
(97, 98),
(97, 109),
(97, 123),
(97, 126),
(97, 132),
(97, 137),
(97, 152),
(97, 153),
(97, 158),
(97, 162),
(98, 8),
(98, 26),
(98, 27),
(98, 43),
(98, 45),
(98, 53),
(98, 54),
(98, 59),
(98, 66),
(98, 71),
(98, 98),
(98, 99),
(98, 117),
(98, 129),
(98, 137),
(98, 152),
(98, 158),
(98, 161),
(98, 162),
(99, 8),
(99, 26),
(99, 27),
(99, 43),
(99, 45),
(99, 53),
(99, 54),
(99, 59),
(99, 66),
(99, 71),
(99, 78),
(99, 98),
(99, 99),
(99, 117),
(99, 129),
(99, 137),
(99, 152),
(99, 158),
(99, 161),
(99, 162),
(100, 17),
(100, 43),
(100, 45),
(100, 53),
(100, 54),
(100, 66),
(100, 71),
(100, 83),
(100, 93),
(100, 98),
(100, 132),
(100, 134),
(100, 137),
(100, 152),
(100, 158),
(100, 162),
(101, 17),
(101, 43),
(101, 45),
(101, 53),
(101, 54),
(101, 66),
(101, 71),
(101, 78),
(101, 83),
(101, 98),
(101, 132),
(101, 137),
(101, 152),
(101, 158),
(101, 162),
(102, 1),
(102, 2),
(102, 39),
(102, 42),
(102, 43),
(102, 45),
(102, 53),
(102, 54),
(102, 66),
(102, 93),
(102, 98),
(102, 107),
(102, 120),
(102, 134),
(102, 137),
(102, 147),
(102, 152),
(102, 158),
(102, 162),
(103, 1),
(103, 2),
(103, 39),
(103, 42),
(103, 43),
(103, 45),
(103, 53),
(103, 54),
(103, 66),
(103, 78),
(103, 93),
(103, 98),
(103, 107),
(103, 120),
(103, 134),
(103, 137),
(103, 147),
(103, 152),
(103, 158),
(103, 162),
(104, 8),
(104, 20),
(104, 27),
(104, 39),
(104, 40),
(104, 43),
(104, 45),
(104, 53),
(104, 54),
(104, 59),
(104, 66),
(104, 71),
(104, 98),
(104, 114),
(104, 137),
(104, 146),
(104, 148),
(104, 152),
(104, 155),
(104, 158),
(104, 162),
(105, 8),
(105, 20),
(105, 27),
(105, 39),
(105, 40),
(105, 43),
(105, 45),
(105, 53),
(105, 54),
(105, 59),
(105, 66),
(105, 71),
(105, 78),
(105, 98),
(105, 114),
(105, 137),
(105, 146),
(105, 148),
(105, 152),
(105, 155),
(105, 158),
(105, 162),
(106, 27),
(106, 45),
(106, 53),
(106, 59),
(106, 66),
(106, 74),
(106, 98),
(106, 108),
(106, 109),
(106, 110),
(106, 137),
(106, 146),
(106, 148),
(106, 152),
(106, 155),
(106, 162),
(107, 27),
(107, 36),
(107, 45),
(107, 53),
(107, 59),
(107, 66),
(107, 74),
(107, 98),
(107, 106),
(107, 109),
(107, 137),
(107, 146),
(107, 148),
(107, 152),
(107, 155),
(107, 162),
(108, 8),
(108, 27),
(108, 30),
(108, 40),
(108, 43),
(108, 45),
(108, 53),
(108, 54),
(108, 55),
(108, 66),
(108, 71),
(108, 96),
(108, 98),
(108, 99),
(108, 129),
(108, 132),
(108, 137),
(108, 152),
(108, 158),
(108, 161),
(108, 162),
(109, 30),
(109, 43),
(109, 45),
(109, 53),
(109, 54),
(109, 66),
(109, 98),
(109, 114),
(109, 137),
(109, 140),
(109, 152),
(109, 158),
(109, 162),
(110, 30),
(110, 43),
(110, 45),
(110, 53),
(110, 54),
(110, 66),
(110, 78),
(110, 98),
(110, 114),
(110, 137),
(110, 140),
(110, 152),
(110, 158),
(110, 162),
(111, 8),
(111, 20),
(111, 27),
(111, 39),
(111, 40),
(111, 43),
(111, 45),
(111, 53),
(111, 54),
(111, 59),
(111, 66),
(111, 71),
(111, 98),
(111, 137),
(111, 152),
(111, 155),
(111, 158),
(111, 162),
(112, 8),
(112, 20),
(112, 27),
(112, 39),
(112, 40),
(112, 43),
(112, 45),
(112, 53),
(112, 54),
(112, 59),
(112, 66),
(112, 71),
(112, 78),
(112, 98),
(112, 137),
(112, 152),
(112, 155),
(112, 158),
(112, 162),
(113, 28),
(113, 43),
(113, 45),
(113, 47),
(113, 48),
(113, 53),
(113, 54),
(113, 66),
(113, 98),
(113, 102),
(113, 105),
(113, 121),
(113, 123),
(113, 137),
(113, 152),
(113, 153),
(113, 162),
(114, 39),
(114, 41),
(114, 43),
(114, 45),
(114, 53),
(114, 54),
(114, 66),
(114, 93),
(114, 98),
(114, 107),
(114, 134),
(114, 137),
(114, 152),
(114, 158),
(114, 162),
(115, 8),
(115, 27),
(115, 36),
(115, 43),
(115, 45),
(115, 53),
(115, 54),
(115, 66),
(115, 71),
(115, 74),
(115, 84),
(115, 94),
(115, 95),
(115, 96),
(115, 98),
(115, 131),
(115, 133),
(115, 137),
(115, 146),
(115, 148),
(115, 152),
(115, 158),
(115, 162),
(116, 30),
(116, 43),
(116, 45),
(116, 53),
(116, 54),
(116, 66),
(116, 71),
(116, 98),
(116, 99),
(116, 137),
(116, 152),
(116, 158),
(116, 162),
(117, 30),
(117, 43),
(117, 45),
(117, 53),
(117, 54),
(117, 66),
(117, 71),
(117, 78),
(117, 98),
(117, 99),
(117, 137),
(117, 152),
(117, 158),
(117, 162),
(118, 26),
(118, 43),
(118, 45),
(118, 53),
(118, 54),
(118, 65),
(118, 66),
(118, 71),
(118, 74),
(118, 86),
(118, 98),
(118, 99),
(118, 117),
(118, 120),
(118, 131),
(118, 132),
(118, 133),
(118, 137),
(118, 152),
(118, 158),
(118, 162),
(118, 163),
(119, 26),
(119, 43),
(119, 45),
(119, 53),
(119, 54),
(119, 65),
(119, 66),
(119, 71),
(119, 74),
(119, 78),
(119, 86),
(119, 98),
(119, 99),
(119, 117),
(119, 120),
(119, 131),
(119, 132),
(119, 133),
(119, 137),
(119, 152),
(119, 158),
(119, 162),
(119, 163),
(120, 43),
(120, 45),
(120, 53),
(120, 54),
(120, 66),
(120, 93),
(120, 96),
(120, 98),
(120, 120),
(120, 122),
(120, 134),
(120, 137),
(120, 139),
(120, 152),
(120, 158),
(120, 162),
(121, 43),
(121, 45),
(121, 53),
(121, 54),
(121, 66),
(121, 78),
(121, 93),
(121, 96),
(121, 98),
(121, 120),
(121, 122),
(121, 123),
(121, 134),
(121, 137),
(121, 139),
(121, 152),
(121, 153),
(121, 158),
(121, 162),
(122, 43),
(122, 45),
(122, 53),
(122, 54),
(122, 66),
(122, 93),
(122, 98),
(122, 122),
(122, 123),
(122, 134),
(122, 137),
(122, 152),
(122, 158),
(122, 162),
(123, 2),
(123, 15),
(123, 27),
(123, 43),
(123, 45),
(123, 53),
(123, 54),
(123, 57),
(123, 66),
(123, 74),
(123, 93),
(123, 98),
(123, 134),
(123, 137),
(123, 147),
(123, 152),
(123, 158),
(123, 162),
(124, 43),
(124, 45),
(124, 53),
(124, 54),
(124, 66),
(124, 78),
(124, 93),
(124, 96),
(124, 98),
(124, 123),
(124, 134),
(124, 137),
(124, 152),
(124, 153),
(124, 158),
(124, 162),
(125, 43),
(125, 45),
(125, 53),
(125, 54),
(125, 66),
(125, 71),
(125, 74),
(125, 82),
(125, 96),
(125, 98),
(125, 102),
(125, 129),
(125, 137),
(125, 152),
(125, 158),
(125, 161),
(125, 162),
(126, 10),
(126, 43),
(126, 45),
(126, 53),
(126, 54),
(126, 59),
(126, 66),
(126, 71),
(126, 84),
(126, 96),
(126, 98),
(126, 137),
(126, 152),
(126, 158),
(126, 162),
(127, 5),
(127, 15),
(127, 27),
(127, 43),
(127, 45),
(127, 53),
(127, 54),
(127, 66),
(127, 74),
(127, 93),
(127, 98),
(127, 137),
(127, 152),
(127, 158),
(127, 162),
(128, 8),
(128, 27),
(128, 43),
(128, 45),
(128, 53),
(128, 54),
(128, 66),
(128, 71),
(128, 74),
(128, 98),
(128, 129),
(128, 137),
(128, 152),
(128, 158),
(128, 161),
(128, 162),
(129, 144),
(130, 8),
(130, 27),
(130, 43),
(130, 45),
(130, 53),
(130, 54),
(130, 66),
(130, 78),
(130, 84),
(130, 93),
(130, 98),
(130, 137),
(130, 152),
(130, 158),
(130, 162),
(131, 43),
(131, 45),
(131, 53),
(131, 54),
(131, 65),
(131, 66),
(131, 71),
(131, 86),
(131, 93),
(131, 98),
(131, 134),
(131, 137),
(131, 152),
(131, 158),
(131, 162),
(132, 159),
(133, 8),
(133, 28),
(133, 43),
(133, 45),
(133, 53),
(133, 54),
(133, 66),
(133, 71),
(133, 74),
(133, 98),
(133, 137),
(133, 152),
(133, 158),
(133, 162),
(134, 43),
(134, 45),
(134, 53),
(134, 54),
(134, 66),
(134, 71),
(134, 86),
(134, 93),
(134, 98),
(134, 134),
(134, 137),
(134, 151),
(134, 152),
(134, 158),
(134, 162),
(135, 43),
(135, 45),
(135, 53),
(135, 54),
(135, 66),
(135, 71),
(135, 82),
(135, 93),
(135, 98),
(135, 134),
(135, 137),
(135, 152),
(135, 158),
(135, 162),
(136, 10),
(136, 43),
(136, 45),
(136, 53),
(136, 54),
(136, 66),
(136, 71),
(136, 84),
(136, 93),
(136, 98),
(136, 134),
(136, 137),
(136, 152),
(136, 158),
(136, 162),
(137, 43),
(137, 45),
(137, 53),
(137, 54),
(137, 66),
(137, 93),
(137, 96),
(137, 98),
(137, 120),
(137, 123),
(137, 134),
(137, 137),
(137, 152),
(137, 153),
(137, 158),
(137, 162),
(138, 43),
(138, 45),
(138, 53),
(138, 54),
(138, 66),
(138, 71),
(138, 86),
(138, 93),
(138, 98),
(138, 134),
(138, 137),
(138, 151),
(138, 152),
(138, 154),
(138, 158),
(138, 162),
(139, 45),
(139, 53),
(139, 59),
(139, 61),
(139, 65),
(139, 86),
(139, 98),
(139, 114),
(139, 117),
(139, 118),
(139, 131),
(139, 133),
(139, 137),
(139, 138),
(139, 152),
(139, 155),
(139, 162),
(139, 163),
(140, 45),
(140, 53),
(140, 59),
(140, 65),
(140, 86),
(140, 98),
(140, 138),
(140, 152),
(140, 162),
(141, 45),
(141, 53),
(141, 59),
(141, 65),
(141, 86),
(141, 98),
(141, 137),
(141, 138),
(141, 152),
(141, 162),
(142, 5),
(142, 43),
(142, 45),
(142, 53),
(142, 54),
(142, 66),
(142, 74),
(142, 78),
(142, 90),
(142, 96),
(142, 98),
(142, 146),
(142, 152),
(142, 158),
(142, 162),
(142, 164),
(142, 165),
(143, 27),
(143, 36),
(143, 43),
(143, 45),
(143, 52),
(143, 53),
(143, 54),
(143, 66),
(143, 71),
(143, 86),
(143, 98),
(143, 129),
(143, 137),
(143, 146),
(143, 152),
(143, 158),
(143, 161),
(143, 162),
(144, 11),
(144, 43),
(144, 45),
(144, 53),
(144, 54),
(144, 66),
(144, 78),
(144, 96),
(144, 98),
(144, 118),
(144, 133),
(144, 137),
(144, 152),
(144, 158),
(144, 162),
(144, 163),
(144, 165),
(145, 43),
(145, 45),
(145, 53),
(145, 54),
(145, 66),
(145, 78),
(145, 96),
(145, 98),
(145, 118),
(145, 137),
(145, 152),
(145, 158),
(145, 161),
(145, 162),
(145, 165),
(146, 5),
(146, 12),
(146, 43),
(146, 45),
(146, 53),
(146, 54),
(146, 66),
(146, 69),
(146, 78),
(146, 89),
(146, 90),
(146, 96),
(146, 98),
(146, 113),
(146, 137),
(146, 139),
(146, 152),
(146, 158),
(146, 162),
(146, 164),
(146, 165),
(147, 5),
(147, 18),
(147, 27),
(147, 35),
(147, 43),
(147, 45),
(147, 53),
(147, 54),
(147, 66),
(147, 67),
(147, 71),
(147, 78),
(147, 89),
(147, 90),
(147, 96),
(147, 98),
(147, 102),
(147, 117),
(147, 129),
(147, 131),
(147, 133),
(147, 137),
(147, 151),
(147, 152),
(147, 158),
(147, 161),
(147, 162),
(147, 163),
(148, 5),
(148, 18),
(148, 27),
(148, 35),
(148, 43),
(148, 45),
(148, 53),
(148, 54),
(148, 66),
(148, 67),
(148, 71),
(148, 78),
(148, 89),
(148, 90),
(148, 96),
(148, 98),
(148, 102),
(148, 111),
(148, 117),
(148, 129),
(148, 131),
(148, 133),
(148, 137),
(148, 151),
(148, 152),
(148, 158),
(148, 161),
(148, 162),
(148, 163),
(149, 5),
(149, 18),
(149, 27),
(149, 35),
(149, 43),
(149, 45),
(149, 53),
(149, 54),
(149, 65),
(149, 66),
(149, 67),
(149, 71),
(149, 78),
(149, 89),
(149, 90),
(149, 96),
(149, 98),
(149, 102),
(149, 111),
(149, 117),
(149, 129),
(149, 131),
(149, 133),
(149, 137),
(149, 151),
(149, 152),
(149, 158),
(149, 161),
(149, 162),
(149, 163),
(149, 164),
(150, 4),
(150, 6),
(150, 7),
(150, 19),
(150, 21),
(150, 27),
(150, 34),
(150, 36),
(150, 43),
(150, 45),
(150, 47),
(150, 53),
(150, 54),
(150, 65),
(150, 66),
(150, 71),
(150, 78),
(150, 89),
(150, 92),
(150, 94),
(150, 95),
(150, 96),
(150, 97),
(150, 98),
(150, 100),
(150, 102),
(150, 117),
(150, 121),
(150, 123),
(150, 129),
(150, 131),
(150, 133),
(150, 134),
(150, 135),
(150, 137),
(150, 146),
(150, 148),
(150, 152),
(150, 153),
(150, 158),
(150, 160),
(150, 161),
(150, 162),
(150, 163),
(151, 12),
(151, 19),
(151, 20),
(151, 23),
(151, 27),
(151, 33),
(151, 36),
(151, 39),
(151, 41),
(151, 43),
(151, 45),
(151, 47),
(151, 48),
(151, 49),
(151, 53),
(151, 54),
(151, 59),
(151, 60),
(151, 61),
(151, 65),
(151, 66),
(151, 67),
(151, 71),
(151, 78),
(151, 89),
(151, 93),
(151, 94),
(151, 95),
(151, 96),
(151, 97),
(151, 98),
(151, 102),
(151, 103),
(151, 111),
(151, 117),
(151, 121),
(151, 123),
(151, 129),
(151, 131),
(151, 133),
(151, 134),
(151, 137),
(151, 139),
(151, 146),
(151, 148),
(151, 151),
(151, 152),
(151, 153),
(151, 155),
(151, 158),
(151, 159),
(151, 160),
(151, 161),
(151, 162),
(151, 163),
(151, 164),
(151, 165);

-- --------------------------------------------------------

--
-- Estructura de tabla para la tabla `publicacio`
--

CREATE TABLE `publicacio` (
  `ID_publicacio` int(11) NOT NULL,
  `titol` varchar(255) NOT NULL,
  `descripcio` text NOT NULL,
  `id_usuari` int(11) NOT NULL,
  `fk_equipPokemon` int(11) NOT NULL
) ENGINE=InnoDB DEFAULT CHARSET=utf8mb4 COLLATE=utf8mb4_spanish2_ci;

--
-- Volcado de datos para la tabla `publicacio`
--

INSERT INTO `publicacio` (`ID_publicacio`, `titol`, `descripcio`, `id_usuari`, `fk_equipPokemon`) VALUES
(1, 'titol 1er post prova', 'descripcio 1er post prova', 11, 1),
(2, 'trcvybun', 'wqzevgybuhnijmko,lp', 11, 1),
(3, 'metapod.', 'metapod.', 11, 3),
(4, 'a<sd', 'asd', 11, 3),
(5, 'asasd', 'asdasd', 14, 4),
(8, 'gybhj ', 'h vgbnj', 14, 4);

-- --------------------------------------------------------

--
-- Estructura de tabla para la tabla `tipos`
--

CREATE TABLE `tipos` (
  `ID_tipos` int(11) NOT NULL,
  `nom` varchar(200) CHARACTER SET latin1 COLLATE latin1_swedish_ci NOT NULL
) ENGINE=InnoDB DEFAULT CHARSET=utf8mb4 COLLATE=utf8mb4_spanish2_ci;

--
-- Volcado de datos para la tabla `tipos`
--

INSERT INTO `tipos` (`ID_tipos`, `nom`) VALUES
(1, 'normal'),
(2, 'planta'),
(3, 'fuego'),
(4, 'agua'),
(5, 'lucha'),
(6, 'bicho'),
(7, 'veneno'),
(8, 'psiquico'),
(9, 'fantasma'),
(10, 'electrico'),
(11, 'hielo'),
(12, 'dragon'),
(13, 'roca'),
(14, 'tierra'),
(15, 'volador');

-- --------------------------------------------------------

--
-- Estructura de tabla para la tabla `usuaris`
--

CREATE TABLE `usuaris` (
  `ID_usuari` int(11) NOT NULL,
  `nom` varchar(200) NOT NULL,
  `apodo` varchar(200) NOT NULL,
  `email` varchar(200) NOT NULL,
  `contrasenya` varchar(200) NOT NULL,
  `admin` tinyint(1) NOT NULL,
  `suscripcio` varchar(200) NOT NULL DEFAULT 'Gratis',
  `imatge` varchar(255) NOT NULL DEFAULT '../../IMG/pokemons/069.png'
) ENGINE=InnoDB DEFAULT CHARSET=utf8mb4 COLLATE=utf8mb4_spanish2_ci;

--
-- Volcado de datos para la tabla `usuaris`
--

INSERT INTO `usuaris` (`ID_usuari`, `nom`, `apodo`, `email`, `contrasenya`, `admin`, `suscripcio`, `imatge`) VALUES
(11, 'Gerard', 'Gagon', 'gerard200303@gmail.com', '$2y$10$bSEsrO9Ri.SjWPvfCWjeaenVwPpRqtnrkNuLRI8MmN/8sSSwi8J..', 0, 'Gratis', '../../IMG/Pokemons/071Shiny.png'),
(12, 'adria', 'kensei', 'adcumo@jviladoms.cat', '$2y$10$p1APRPgW.q..Se2cCunK9eXJjBvD8vhSFU/Ka8b6OwdOmYfzavqla', 0, 'Gratis', '../../IMG/Pokemons/007.png'),
(13, 'gerard', 'gerard', 'gerard200303@gmail.com', '$2y$10$FEBvra6OKlkLvlo4sB4pCeotYuUoOg.UMIa0ENEuYXjpAhJJnGzxO', 0, 'Gratis', '../../IMG/pokemon/069.png'),
(14, 'qweqwe', 'ash', 'ash@gmail.com', '$2y$10$MBwZEcbH0rGt5e0V6TkMNeIryrxDmqSOz3TI0wq4oa1E0xgE31DEm', 0, 'Gratis', '../../IMG/Pokemons/108.png');

--
-- Índices para tablas volcadas
--

--
-- Indices de la tabla `1er_pokemon`
--
ALTER TABLE `1er_pokemon`
  ADD PRIMARY KEY (`ID_1erPokemon`),
  ADD KEY `fk_pkmn1` (`fk_pokemon`),
  ADD KEY `fk_pk1_mv1` (`fk_mov1`),
  ADD KEY `fk_pk1_mv2` (`fk_mov2`),
  ADD KEY `fk_pk1_mv3` (`fk_mov3`),
  ADD KEY `fk_pk1_mv4` (`fk_mov4`);

--
-- Indices de la tabla `2on_pokemon`
--
ALTER TABLE `2on_pokemon`
  ADD PRIMARY KEY (`ID_2onPokemon`),
  ADD KEY `fk_pkmn2` (`fk_pokemon`),
  ADD KEY `fk_pk2_mv1` (`fk_mov1`),
  ADD KEY `fk_pk2_mv2` (`fk_mov2`),
  ADD KEY `fk_pk2_mv3` (`fk_mov3`),
  ADD KEY `fk_pk2_mv4` (`fk_mov4`);

--
-- Indices de la tabla `3er_pokemon`
--
ALTER TABLE `3er_pokemon`
  ADD PRIMARY KEY (`ID_3erPokemon`),
  ADD KEY `fk_pkmn3` (`fk_pokemon`),
  ADD KEY `fk_pk3_mv1` (`fk_mov1`),
  ADD KEY `fk_pk3_mv2` (`fk_mov2`),
  ADD KEY `fk_pk3_mv3` (`fk_mov3`),
  ADD KEY `fk_pk3_mv4` (`fk_mov4`);

--
-- Indices de la tabla `4rt_pokemon`
--
ALTER TABLE `4rt_pokemon`
  ADD PRIMARY KEY (`ID_4rtPokemon`),
  ADD KEY `fk_pkmn4` (`fk_pokemon`),
  ADD KEY `fk_pk4_mv1` (`fk_mov1`),
  ADD KEY `fk_pk4_mv2` (`fk_mov2`),
  ADD KEY `fk_pk4_mv3` (`fk_mov3`),
  ADD KEY `fk_pk4_mv4` (`fk_mov4`);

--
-- Indices de la tabla `5e_pokemon`
--
ALTER TABLE `5e_pokemon`
  ADD PRIMARY KEY (`ID_5ePokemon`),
  ADD KEY `fk_pkmn5` (`fk_pokemon`),
  ADD KEY `fk_pk5_mv1` (`fk_mov1`),
  ADD KEY `fk_pk5_mv2` (`fk_mov2`),
  ADD KEY `fk_pk5_mv3` (`fk_mov3`),
  ADD KEY `fk_pk5_mv4` (`fk_mov4`);

--
-- Indices de la tabla `6e_pokemon`
--
ALTER TABLE `6e_pokemon`
  ADD PRIMARY KEY (`ID_6ePokemon`),
  ADD KEY `fk_pkmn6` (`fk_pokemon`),
  ADD KEY `fk_pk6_mv1` (`fk_mov1`),
  ADD KEY `fk_pk6_mv2` (`fk_mov2`),
  ADD KEY `fk_pk6_mv3` (`fk_mov3`),
  ADD KEY `fk_pk6_mv4` (`fk_mov4`);

--
-- Indices de la tabla `efectivitat`
--
ALTER TABLE `efectivitat`
  ADD PRIMARY KEY (`ID_efectivitat`),
  ADD KEY `fk_TipoAtac` (`ID_tipoAt`),
  ADD KEY `fk_TipoDef` (`ID_tipoDe`);

--
-- Indices de la tabla `equips_pokemon`
--
ALTER TABLE `equips_pokemon`
  ADD PRIMARY KEY (`ID_equipsPokemon`),
  ADD KEY `fk_1r` (`fk_1er_pokemon`),
  ADD KEY `fk_2n` (`fk_2on_pokemon`),
  ADD KEY `fk_3r` (`fk_3er_pokemon`),
  ADD KEY `fk_4t` (`fk_4rt_pokemon`),
  ADD KEY `fk_5e` (`fk_5e_pokemon`),
  ADD KEY `fk_6e` (`fk_6e_pokemon`),
  ADD KEY `fk_usr` (`fk_usuari`);

--
-- Indices de la tabla `moviments`
--
ALTER TABLE `moviments`
  ADD PRIMARY KEY (`ID_moviment`),
  ADD KEY `fk_tipo` (`id_tipo`);

--
-- Indices de la tabla `pokedex`
--
ALTER TABLE `pokedex`
  ADD PRIMARY KEY (`ID_pokedex`),
  ADD KEY `fk_tipo1` (`tipo1`),
  ADD KEY `fk_tipo2` (`tipo2`);

--
-- Indices de la tabla `pokemon_moviments`
--
ALTER TABLE `pokemon_moviments`
  ADD PRIMARY KEY (`ID_pokemon`,`ID_moviment`),
  ADD KEY `fk_pokemon_moviment_moviment` (`ID_moviment`);

--
-- Indices de la tabla `publicacio`
--
ALTER TABLE `publicacio`
  ADD PRIMARY KEY (`ID_publicacio`),
  ADD KEY `fk_id_equipPokemon` (`fk_equipPokemon`),
  ADD KEY `fk_usuari` (`id_usuari`);

--
-- Indices de la tabla `tipos`
--
ALTER TABLE `tipos`
  ADD PRIMARY KEY (`ID_tipos`);

--
-- Indices de la tabla `usuaris`
--
ALTER TABLE `usuaris`
  ADD PRIMARY KEY (`ID_usuari`);

--
-- AUTO_INCREMENT de las tablas volcadas
--

--
-- AUTO_INCREMENT de la tabla `1er_pokemon`
--
ALTER TABLE `1er_pokemon`
  MODIFY `ID_1erPokemon` int(11) NOT NULL AUTO_INCREMENT, AUTO_INCREMENT=7;

--
-- AUTO_INCREMENT de la tabla `2on_pokemon`
--
ALTER TABLE `2on_pokemon`
  MODIFY `ID_2onPokemon` int(11) NOT NULL AUTO_INCREMENT, AUTO_INCREMENT=7;

--
-- AUTO_INCREMENT de la tabla `3er_pokemon`
--
ALTER TABLE `3er_pokemon`
  MODIFY `ID_3erPokemon` int(11) NOT NULL AUTO_INCREMENT, AUTO_INCREMENT=7;

--
-- AUTO_INCREMENT de la tabla `4rt_pokemon`
--
ALTER TABLE `4rt_pokemon`
  MODIFY `ID_4rtPokemon` int(11) NOT NULL AUTO_INCREMENT, AUTO_INCREMENT=7;

--
-- AUTO_INCREMENT de la tabla `5e_pokemon`
--
ALTER TABLE `5e_pokemon`
  MODIFY `ID_5ePokemon` int(11) NOT NULL AUTO_INCREMENT, AUTO_INCREMENT=7;

--
-- AUTO_INCREMENT de la tabla `6e_pokemon`
--
ALTER TABLE `6e_pokemon`
  MODIFY `ID_6ePokemon` int(11) NOT NULL AUTO_INCREMENT, AUTO_INCREMENT=7;

--
-- AUTO_INCREMENT de la tabla `efectivitat`
--
ALTER TABLE `efectivitat`
  MODIFY `ID_efectivitat` int(11) NOT NULL AUTO_INCREMENT, AUTO_INCREMENT=230;

--
-- AUTO_INCREMENT de la tabla `equips_pokemon`
--
ALTER TABLE `equips_pokemon`
  MODIFY `ID_equipsPokemon` int(11) NOT NULL AUTO_INCREMENT, AUTO_INCREMENT=7;

--
-- AUTO_INCREMENT de la tabla `moviments`
--
ALTER TABLE `moviments`
  MODIFY `ID_moviment` int(11) NOT NULL AUTO_INCREMENT, AUTO_INCREMENT=170;

--
-- AUTO_INCREMENT de la tabla `pokedex`
--
ALTER TABLE `pokedex`
  MODIFY `ID_pokedex` int(11) NOT NULL AUTO_INCREMENT, AUTO_INCREMENT=162;

--
-- AUTO_INCREMENT de la tabla `publicacio`
--
ALTER TABLE `publicacio`
  MODIFY `ID_publicacio` int(11) NOT NULL AUTO_INCREMENT, AUTO_INCREMENT=9;

--
-- AUTO_INCREMENT de la tabla `tipos`
--
ALTER TABLE `tipos`
  MODIFY `ID_tipos` int(11) NOT NULL AUTO_INCREMENT, AUTO_INCREMENT=31;

--
-- AUTO_INCREMENT de la tabla `usuaris`
--
ALTER TABLE `usuaris`
  MODIFY `ID_usuari` int(11) NOT NULL AUTO_INCREMENT, AUTO_INCREMENT=15;

--
-- Restricciones para tablas volcadas
--

--
-- Filtros para la tabla `1er_pokemon`
--
ALTER TABLE `1er_pokemon`
  ADD CONSTRAINT `fk_pk1_mv1` FOREIGN KEY (`fk_mov1`) REFERENCES `moviments` (`ID_moviment`) ON DELETE CASCADE,
  ADD CONSTRAINT `fk_pk1_mv2` FOREIGN KEY (`fk_mov2`) REFERENCES `moviments` (`ID_moviment`) ON DELETE CASCADE,
  ADD CONSTRAINT `fk_pk1_mv3` FOREIGN KEY (`fk_mov3`) REFERENCES `moviments` (`ID_moviment`) ON DELETE CASCADE,
  ADD CONSTRAINT `fk_pk1_mv4` FOREIGN KEY (`fk_mov4`) REFERENCES `moviments` (`ID_moviment`) ON DELETE CASCADE,
  ADD CONSTRAINT `fk_pkmn1` FOREIGN KEY (`fk_pokemon`) REFERENCES `pokedex` (`ID_pokedex`) ON DELETE CASCADE;

--
-- Filtros para la tabla `2on_pokemon`
--
ALTER TABLE `2on_pokemon`
  ADD CONSTRAINT `fk_pk2_mv1` FOREIGN KEY (`fk_mov1`) REFERENCES `moviments` (`ID_moviment`) ON DELETE CASCADE,
  ADD CONSTRAINT `fk_pk2_mv2` FOREIGN KEY (`fk_mov2`) REFERENCES `moviments` (`ID_moviment`) ON DELETE CASCADE,
  ADD CONSTRAINT `fk_pk2_mv3` FOREIGN KEY (`fk_mov3`) REFERENCES `moviments` (`ID_moviment`) ON DELETE CASCADE,
  ADD CONSTRAINT `fk_pk2_mv4` FOREIGN KEY (`fk_mov4`) REFERENCES `moviments` (`ID_moviment`) ON DELETE CASCADE,
  ADD CONSTRAINT `fk_pkmn2` FOREIGN KEY (`fk_pokemon`) REFERENCES `pokedex` (`ID_pokedex`) ON DELETE CASCADE;

--
-- Filtros para la tabla `3er_pokemon`
--
ALTER TABLE `3er_pokemon`
  ADD CONSTRAINT `fk_pk3_mv1` FOREIGN KEY (`fk_mov1`) REFERENCES `moviments` (`ID_moviment`) ON DELETE CASCADE,
  ADD CONSTRAINT `fk_pk3_mv2` FOREIGN KEY (`fk_mov2`) REFERENCES `moviments` (`ID_moviment`) ON DELETE CASCADE,
  ADD CONSTRAINT `fk_pk3_mv3` FOREIGN KEY (`fk_mov3`) REFERENCES `moviments` (`ID_moviment`) ON DELETE CASCADE,
  ADD CONSTRAINT `fk_pk3_mv4` FOREIGN KEY (`fk_mov4`) REFERENCES `moviments` (`ID_moviment`) ON DELETE CASCADE,
  ADD CONSTRAINT `fk_pkmn3` FOREIGN KEY (`fk_pokemon`) REFERENCES `pokedex` (`ID_pokedex`) ON DELETE CASCADE;

--
-- Filtros para la tabla `4rt_pokemon`
--
ALTER TABLE `4rt_pokemon`
  ADD CONSTRAINT `fk_pk4_mv1` FOREIGN KEY (`fk_mov1`) REFERENCES `moviments` (`ID_moviment`) ON DELETE CASCADE,
  ADD CONSTRAINT `fk_pk4_mv2` FOREIGN KEY (`fk_mov2`) REFERENCES `moviments` (`ID_moviment`) ON DELETE CASCADE,
  ADD CONSTRAINT `fk_pk4_mv3` FOREIGN KEY (`fk_mov3`) REFERENCES `moviments` (`ID_moviment`) ON DELETE CASCADE,
  ADD CONSTRAINT `fk_pk4_mv4` FOREIGN KEY (`fk_mov4`) REFERENCES `moviments` (`ID_moviment`) ON DELETE CASCADE,
  ADD CONSTRAINT `fk_pkmn4` FOREIGN KEY (`fk_pokemon`) REFERENCES `pokedex` (`ID_pokedex`) ON DELETE CASCADE;

--
-- Filtros para la tabla `5e_pokemon`
--
ALTER TABLE `5e_pokemon`
  ADD CONSTRAINT `fk_pk5_mv1` FOREIGN KEY (`fk_mov1`) REFERENCES `moviments` (`ID_moviment`) ON DELETE CASCADE,
  ADD CONSTRAINT `fk_pk5_mv2` FOREIGN KEY (`fk_mov2`) REFERENCES `moviments` (`ID_moviment`) ON DELETE CASCADE,
  ADD CONSTRAINT `fk_pk5_mv3` FOREIGN KEY (`fk_mov3`) REFERENCES `moviments` (`ID_moviment`) ON DELETE CASCADE,
  ADD CONSTRAINT `fk_pk5_mv4` FOREIGN KEY (`fk_mov4`) REFERENCES `moviments` (`ID_moviment`) ON DELETE CASCADE,
  ADD CONSTRAINT `fk_pkmn5` FOREIGN KEY (`fk_pokemon`) REFERENCES `pokedex` (`ID_pokedex`) ON DELETE CASCADE;

--
-- Filtros para la tabla `6e_pokemon`
--
ALTER TABLE `6e_pokemon`
  ADD CONSTRAINT `fk_pk6_mv1` FOREIGN KEY (`fk_mov1`) REFERENCES `moviments` (`ID_moviment`) ON DELETE CASCADE,
  ADD CONSTRAINT `fk_pk6_mv2` FOREIGN KEY (`fk_mov2`) REFERENCES `moviments` (`ID_moviment`) ON DELETE CASCADE,
  ADD CONSTRAINT `fk_pk6_mv3` FOREIGN KEY (`fk_mov3`) REFERENCES `moviments` (`ID_moviment`) ON DELETE CASCADE,
  ADD CONSTRAINT `fk_pk6_mv4` FOREIGN KEY (`fk_mov4`) REFERENCES `moviments` (`ID_moviment`) ON DELETE CASCADE,
  ADD CONSTRAINT `fk_pkmn6` FOREIGN KEY (`fk_pokemon`) REFERENCES `pokedex` (`ID_pokedex`) ON DELETE CASCADE;

--
-- Filtros para la tabla `efectivitat`
--
ALTER TABLE `efectivitat`
  ADD CONSTRAINT `fk_TipoAtac` FOREIGN KEY (`ID_tipoAt`) REFERENCES `tipos` (`ID_tipos`),
  ADD CONSTRAINT `fk_TipoDef` FOREIGN KEY (`ID_tipoDe`) REFERENCES `tipos` (`ID_tipos`);

--
-- Filtros para la tabla `equips_pokemon`
--
ALTER TABLE `equips_pokemon`
  ADD CONSTRAINT `fk_1r` FOREIGN KEY (`fk_1er_pokemon`) REFERENCES `1er_pokemon` (`ID_1erPokemon`) ON DELETE CASCADE,
  ADD CONSTRAINT `fk_2n` FOREIGN KEY (`fk_2on_pokemon`) REFERENCES `2on_pokemon` (`ID_2onPokemon`) ON DELETE CASCADE,
  ADD CONSTRAINT `fk_3r` FOREIGN KEY (`fk_3er_pokemon`) REFERENCES `3er_pokemon` (`ID_3erPokemon`) ON DELETE CASCADE,
  ADD CONSTRAINT `fk_4t` FOREIGN KEY (`fk_4rt_pokemon`) REFERENCES `1er_pokemon` (`ID_1erPokemon`) ON DELETE CASCADE,
  ADD CONSTRAINT `fk_5e` FOREIGN KEY (`fk_5e_pokemon`) REFERENCES `5e_pokemon` (`ID_5ePokemon`) ON DELETE CASCADE,
  ADD CONSTRAINT `fk_6e` FOREIGN KEY (`fk_6e_pokemon`) REFERENCES `6e_pokemon` (`ID_6ePokemon`) ON DELETE CASCADE,
  ADD CONSTRAINT `fk_usr` FOREIGN KEY (`fk_usuari`) REFERENCES `usuaris` (`ID_usuari`) ON DELETE CASCADE;

--
-- Filtros para la tabla `moviments`
--
ALTER TABLE `moviments`
  ADD CONSTRAINT `fk_tipo` FOREIGN KEY (`id_tipo`) REFERENCES `tipos` (`ID_tipos`);

--
-- Filtros para la tabla `pokedex`
--
ALTER TABLE `pokedex`
  ADD CONSTRAINT `fk_tipo1` FOREIGN KEY (`tipo1`) REFERENCES `tipos` (`ID_tipos`) ON DELETE CASCADE,
  ADD CONSTRAINT `fk_tipo2` FOREIGN KEY (`tipo2`) REFERENCES `tipos` (`ID_tipos`) ON DELETE CASCADE;

--
-- Filtros para la tabla `pokemon_moviments`
--
ALTER TABLE `pokemon_moviments`
  ADD CONSTRAINT `fk_pokemon_moviment_moviment` FOREIGN KEY (`ID_moviment`) REFERENCES `moviments` (`ID_moviment`) ON DELETE CASCADE,
  ADD CONSTRAINT `fk_pokemon_moviment_pokemon` FOREIGN KEY (`ID_pokemon`) REFERENCES `pokedex` (`ID_pokedex`) ON DELETE CASCADE;

--
-- Filtros para la tabla `publicacio`
--
ALTER TABLE `publicacio`
  ADD CONSTRAINT `fk_id_equipPokemon` FOREIGN KEY (`fk_equipPokemon`) REFERENCES `equips_pokemon` (`ID_equipsPokemon`) ON DELETE CASCADE,
  ADD CONSTRAINT `fk_usuari` FOREIGN KEY (`id_usuari`) REFERENCES `usuaris` (`ID_usuari`) ON DELETE CASCADE ON UPDATE CASCADE;
COMMIT;

/*!40101 SET CHARACTER_SET_CLIENT=@OLD_CHARACTER_SET_CLIENT */;
/*!40101 SET CHARACTER_SET_RESULTS=@OLD_CHARACTER_SET_RESULTS */;
/*!40101 SET COLLATION_CONNECTION=@OLD_COLLATION_CONNECTION */;
